GroupBy,fitzpatrick,sex,ageGroup,country,Support,Macro-TPR,Macro-FPR,Micro-TPR,Micro-FPR,TP,FP,FN,TN,balancedAcc,Eczema_FN,Eczema_FP,Eczema_FPR,Eczema_TN,Eczema_TP,Eczema_TPR,Fungal_FN,Fungal_FP,Fungal_FPR,Fungal_TN,Fungal_TP,Fungal_TPR,Others_FN,Others_FP,Others_FPR,Others_TN,Others_TP,Others_TPR,Scabies_FN,Scabies_FP,Scabies_FPR,Scabies_TN,Scabies_TP,Scabies_TPR
fitzpatrick,3.0,,,,303,0.68,0.11,0.69,0.1,208.0,95.0,95.0,814.0,0.679,28.0,26.0,0.12,185.0,64.0,0.7,20.0,19.0,0.08,231.0,33.0,0.62,24.0,18.0,0.08,215.0,46.0,0.66,23.0,32.0,0.15,183.0,65.0,0.74
fitzpatrick,4.0,,,,254,0.65,0.11,0.67,0.11,170.0,84.0,84.0,678.0,0.647,19.0,31.0,0.15,176.0,28.0,0.6,27.0,24.0,0.12,171.0,32.0,0.54,14.0,7.0,0.03,203.0,30.0,0.68,24.0,22.0,0.15,128.0,80.0,0.77
fitzpatrick,5.0,,,,342,0.7,0.1,0.71,0.1,242.0,100.0,100.0,926.0,0.708,40.0,18.0,0.07,252.0,32.0,0.44,15.0,16.0,0.06,257.0,54.0,0.78,6.0,40.0,0.15,224.0,72.0,0.92,39.0,26.0,0.12,193.0,84.0,0.68
fitzpatrick,6.0,,,,87,0.64,0.12,0.7,0.1,61.0,26.0,26.0,235.0,0.646,5.0,7.0,0.09,69.0,6.0,0.55,12.0,8.0,0.22,28.0,39.0,0.76,3.0,3.0,0.04,76.0,5.0,0.62,6.0,8.0,0.11,62.0,11.0,0.65
sex,,f,,,425,0.7,0.1,0.7,0.1,297.0,128.0,128.0,1147.0,0.695,32.0,43.0,0.13,283.0,67.0,0.68,30.0,31.0,0.09,304.0,60.0,0.67,30.0,21.0,0.06,303.0,71.0,0.7,36.0,33.0,0.11,257.0,99.0,0.73
sex,,m,,,561,0.69,0.11,0.68,0.11,384.0,177.0,177.0,1506.0,0.687,60.0,39.0,0.09,399.0,63.0,0.51,44.0,36.0,0.09,383.0,98.0,0.69,17.0,47.0,0.1,415.0,82.0,0.83,56.0,55.0,0.15,309.0,141.0,0.72
ageGroup,,,00-04,,361,0.72,0.09,0.73,0.09,262.0,99.0,99.0,984.0,0.726,42.0,20.0,0.08,235.0,64.0,0.6,9.0,27.0,0.08,300.0,25.0,0.74,23.0,23.0,0.09,227.0,88.0,0.79,25.0,29.0,0.12,222.0,85.0,0.77
ageGroup,,,05-09,,215,0.62,0.11,0.68,0.11,146.0,69.0,69.0,576.0,0.623,18.0,7.0,0.04,176.0,14.0,0.44,7.0,14.0,0.09,138.0,56.0,0.89,16.0,30.0,0.21,110.0,59.0,0.79,28.0,18.0,0.11,152.0,17.0,0.38
ageGroup,,,10-14,,71,0.82,0.11,0.7,0.1,50.0,21.0,21.0,192.0,0.817,10.0,4.0,0.09,42.0,15.0,0.6,0.0,6.0,0.1,53.0,12.0,1.0,0.0,5.0,0.07,65.0,1.0,1.0,11.0,6.0,0.16,32.0,22.0,0.67
ageGroup,,,15-19,,26,0.49,0.12,0.69,0.1,18.0,8.0,8.0,70.0,0.489,3.0,5.0,0.25,15.0,3.0,0.5,2.0,0.0,0.0,21.0,3.0,0.6,1.0,0.0,0.0,25.0,0.0,0.0,2.0,3.0,0.25,9.0,12.0,0.86
ageGroup,,,20-24,,43,0.31,0.13,0.65,0.12,28.0,15.0,15.0,114.0,0.417,1.0,6.0,0.14,36.0,0.0,0.0,10.0,2.0,0.08,24.0,7.0,0.41,0.0,3.0,0.07,40.0,0.0,0.0,4.0,4.0,0.22,14.0,21.0,0.84
ageGroup,,,25-29,,83,0.7,0.08,0.77,0.08,64.0,19.0,19.0,230.0,0.699,4.0,5.0,0.07,62.0,12.0,0.75,7.0,6.0,0.1,52.0,18.0,0.72,1.0,2.0,0.02,79.0,1.0,0.5,7.0,6.0,0.14,37.0,33.0,0.82
ageGroup,,,30-34,,55,0.51,0.14,0.64,0.12,35.0,20.0,20.0,145.0,0.51,5.0,8.0,0.17,38.0,4.0,0.44,10.0,3.0,0.08,36.0,6.0,0.38,2.0,2.0,0.04,50.0,1.0,0.33,3.0,7.0,0.25,21.0,24.0,0.89
ageGroup,,,35-39,,39,0.67,0.14,0.56,0.15,22.0,17.0,17.0,100.0,0.666,0.0,10.0,0.28,26.0,3.0,1.0,13.0,0.0,0.0,22.0,4.0,0.24,4.0,0.0,0.0,32.0,3.0,0.43,0.0,7.0,0.26,20.0,12.0,1.0
ageGroup,,,40-44,,19,0.41,0.25,0.42,0.19,8.0,11.0,11.0,46.0,0.545,3.0,4.0,0.27,11.0,1.0,0.25,8.0,3.0,0.5,3.0,5.0,0.38,0.0,1.0,0.05,18.0,0.0,0.0,0.0,3.0,0.18,14.0,2.0,1.0
ageGroup,,,45-49,,12,0.38,0.1,0.75,0.08,9.0,3.0,3.0,33.0,0.75,2.0,0.0,0.0,6.0,4.0,0.67,1.0,2.0,0.33,4.0,5.0,0.83,0.0,1.0,0.08,11.0,0.0,0.0,0.0,0.0,0.0,12.0,0.0,0.0
ageGroup,,,50-54,,32,0.46,0.15,0.59,0.14,19.0,13.0,13.0,83.0,0.612,2.0,7.0,0.27,19.0,4.0,0.67,4.0,1.0,0.05,20.0,7.0,0.64,0.0,1.0,0.03,31.0,0.0,0.0,7.0,4.0,0.24,13.0,8.0,0.53
ageGroup,,,55-59,,18,0.42,0.16,0.56,0.15,10.0,8.0,8.0,46.0,0.556,2.0,4.0,0.33,8.0,4.0,0.67,2.0,3.0,0.21,11.0,2.0,0.5,0.0,0.0,0.0,18.0,0.0,0.0,4.0,1.0,0.1,9.0,4.0,0.5
ageGroup,,,60-64,,10,0.22,0.05,0.8,0.07,8.0,2.0,2.0,28.0,0.444,0.0,2.0,0.2,8.0,0.0,0.0,1.0,0.0,0.0,1.0,8.0,0.89,0.0,0.0,0.0,10.0,0.0,0.0,1.0,0.0,0.0,9.0,0.0,0.0
ageGroup,,,65-69,,2,0.25,0.0,1.0,0.0,2.0,0.0,0.0,6.0,1.0,0.0,0.0,0.0,0.0,2.0,1.0,0.0,0.0,0.0,2.0,0.0,0.0,0.0,0.0,0.0,2.0,0.0,0.0,0.0,0.0,0.0,2.0,0.0,0.0
ageGroup,,,70-74,,0,,,,,,,,,,,,,,,,,,,,,,,,,,,,,,,,,
ageGroup,,,75-79,,0,,,,,,,,,,,,,,,,,,,,,,,,,,,,,,,,,
ageGroup,,,80-84,,0,,,,,,,,,,,,,,,,,,,,,,,,,,,,,,,,,
ageGroup,,,85-89,,0,,,,,,,,,,,,,,,,,,,,,,,,,,,,,,,,,
ageGroup,,,90-94,,0,,,,,,,,,,,,,,,,,,,,,,,,,,,,,,,,,
ageGroup,,,95-99,,0,,,,,,,,,,,,,,,,,,,,,,,,,,,,,,,,,
country,,,,Guinea,86,0.64,0.12,0.71,0.1,61.0,25.0,25.0,233.0,0.648,5.0,7.0,0.09,67.0,7.0,0.58,11.0,8.0,0.23,27.0,40.0,0.78,3.0,3.0,0.04,75.0,5.0,0.62,6.0,7.0,0.1,64.0,9.0,0.6
country,,,,Madagascar,443,0.55,0.13,0.65,0.12,286.0,157.0,157.0,1172.0,0.551,44.0,61.0,0.19,256.0,82.0,0.65,54.0,39.0,0.12,290.0,60.0,0.53,10.0,14.0,0.03,415.0,4.0,0.29,49.0,43.0,0.17,211.0,140.0,0.74
country,,,,Malawi,438,0.72,0.1,0.74,0.09,325.0,113.0,113.0,1201.0,0.719,33.0,14.0,0.04,359.0,32.0,0.49,9.0,18.0,0.05,353.0,58.0,0.87,34.0,48.0,0.18,212.0,144.0,0.81,37.0,33.0,0.11,277.0,91.0,0.71
country,,,,Tanzania,19,0.12,0.13,0.47,0.18,9.0,10.0,10.0,47.0,0.474,10.0,0.0,0.0,0.0,9.0,0.47,0.0,2.0,0.11,17.0,0.0,0.0,0.0,3.0,0.16,16.0,0.0,0.0,0.0,5.0,0.26,14.0,0.0,0.0
"fitzpatrick, sex",3.0,f,,,156,0.64,0.12,0.67,0.11,105.0,51.0,51.0,417.0,0.634,11.0,17.0,0.16,92.0,36.0,0.77,10.0,8.0,0.06,130.0,8.0,0.44,13.0,11.0,0.09,110.0,22.0,0.63,17.0,15.0,0.15,85.0,39.0,0.7
"fitzpatrick, sex",3.0,m,,,147,0.71,0.1,0.7,0.1,103.0,44.0,44.0,397.0,0.709,17.0,9.0,0.09,93.0,28.0,0.62,10.0,11.0,0.1,101.0,25.0,0.71,11.0,7.0,0.06,105.0,24.0,0.69,6.0,17.0,0.15,98.0,26.0,0.81
"fitzpatrick, sex",4.0,f,,,129,0.68,0.11,0.68,0.11,88.0,41.0,41.0,346.0,0.681,4.0,20.0,0.19,88.0,17.0,0.81,14.0,10.0,0.1,88.0,17.0,0.55,12.0,2.0,0.02,97.0,18.0,0.6,11.0,9.0,0.11,73.0,36.0,0.77
"fitzpatrick, sex",4.0,m,,,125,0.65,0.12,0.66,0.11,82.0,43.0,43.0,332.0,0.647,15.0,11.0,0.11,88.0,11.0,0.42,13.0,14.0,0.14,83.0,15.0,0.54,2.0,5.0,0.05,106.0,12.0,0.86,13.0,13.0,0.19,55.0,44.0,0.77
"fitzpatrick, sex",5.0,f,,,108,0.73,0.09,0.74,0.09,80.0,28.0,28.0,296.0,0.731,14.0,5.0,0.06,78.0,11.0,0.44,5.0,8.0,0.1,75.0,20.0,0.8,4.0,7.0,0.09,69.0,28.0,0.88,5.0,8.0,0.1,74.0,21.0,0.81
"fitzpatrick, sex",5.0,m,,,234,0.71,0.11,0.69,0.1,162.0,72.0,72.0,630.0,0.706,26.0,13.0,0.07,174.0,21.0,0.45,10.0,8.0,0.04,182.0,34.0,0.77,2.0,33.0,0.18,155.0,44.0,0.96,34.0,18.0,0.13,119.0,63.0,0.65
"fitzpatrick, sex",6.0,f,,,32,0.67,0.11,0.75,0.08,24.0,8.0,8.0,88.0,0.672,3.0,1.0,0.04,25.0,3.0,0.5,1.0,5.0,0.31,11.0,15.0,0.94,1.0,1.0,0.04,27.0,3.0,0.75,3.0,1.0,0.04,25.0,3.0,0.5
"fitzpatrick, sex",6.0,m,,,55,0.63,0.12,0.67,0.11,37.0,18.0,18.0,147.0,0.628,2.0,6.0,0.12,44.0,3.0,0.6,11.0,3.0,0.15,17.0,24.0,0.69,2.0,2.0,0.04,49.0,2.0,0.5,3.0,7.0,0.16,37.0,8.0,0.73
"fitzpatrick, ageGroup",3.0,,00-04,,161,0.75,0.09,0.74,0.09,119.0,42.0,42.0,441.0,0.747,13.0,11.0,0.1,99.0,38.0,0.75,2.0,12.0,0.08,140.0,7.0,0.78,11.0,11.0,0.09,109.0,30.0,0.73,16.0,8.0,0.08,93.0,44.0,0.73
"fitzpatrick, ageGroup",3.0,,05-09,,61,0.68,0.12,0.62,0.13,38.0,23.0,23.0,160.0,0.677,7.0,6.0,0.13,41.0,7.0,0.5,6.0,2.0,0.04,43.0,10.0,0.62,10.0,5.0,0.14,32.0,14.0,0.58,0.0,10.0,0.19,44.0,7.0,1.0
"fitzpatrick, ageGroup",3.0,,10-14,,15,0.6,0.12,0.73,0.09,11.0,4.0,4.0,41.0,0.798,3.0,1.0,0.25,3.0,8.0,0.73,0.0,1.0,0.07,13.0,1.0,1.0,0.0,0.0,0.0,15.0,0.0,0.0,1.0,2.0,0.17,10.0,2.0,0.67
"fitzpatrick, ageGroup",3.0,,15-19,,1,0.25,0.0,1.0,0.0,1.0,0.0,0.0,3.0,1.0,0.0,0.0,0.0,0.0,1.0,1.0,0.0,0.0,0.0,1.0,0.0,0.0,0.0,0.0,0.0,1.0,0.0,0.0,0.0,0.0,0.0,1.0,0.0,0.0
"fitzpatrick, ageGroup",3.0,,20-24,,8,0.42,0.1,0.62,0.12,5.0,3.0,3.0,21.0,0.556,1.0,0.0,0.0,7.0,0.0,0.0,0.0,2.0,0.29,5.0,1.0,1.0,0.0,1.0,0.12,7.0,0.0,0.0,2.0,0.0,0.0,2.0,4.0,0.67
"fitzpatrick, ageGroup",3.0,,25-29,,15,0.62,0.06,0.87,0.04,13.0,2.0,2.0,43.0,0.822,1.0,0.0,0.0,12.0,2.0,0.67,0.0,1.0,0.12,7.0,7.0,1.0,0.0,0.0,0.0,15.0,0.0,0.0,1.0,1.0,0.1,9.0,4.0,0.8
"fitzpatrick, ageGroup",3.0,,30-34,,3,0.38,0.12,0.67,0.11,2.0,1.0,1.0,8.0,0.75,0.0,0.0,0.0,3.0,0.0,0.0,1.0,0.0,0.0,1.0,1.0,0.5,0.0,0.0,0.0,3.0,0.0,0.0,0.0,1.0,0.5,1.0,1.0,1.0
"fitzpatrick, ageGroup",3.0,,35-39,,8,0.1,0.19,0.25,0.25,2.0,6.0,6.0,18.0,0.2,0.0,2.0,0.25,6.0,0.0,0.0,3.0,0.0,0.0,5.0,0.0,0.0,3.0,0.0,0.0,3.0,2.0,0.4,0.0,4.0,0.5,4.0,0.0,0.0
"fitzpatrick, ageGroup",3.0,,40-44,,7,0.07,0.18,0.29,0.24,2.0,5.0,5.0,16.0,0.286,0.0,2.0,0.29,5.0,0.0,0.0,5.0,0.0,0.0,0.0,2.0,0.29,0.0,0.0,0.0,7.0,0.0,0.0,0.0,3.0,0.43,4.0,0.0,0.0
"fitzpatrick, ageGroup",3.0,,45-49,,6,0.45,0.05,0.83,0.06,5.0,1.0,1.0,17.0,0.9,1.0,0.0,0.0,1.0,4.0,0.8,0.0,1.0,0.2,4.0,1.0,1.0,0.0,0.0,0.0,6.0,0.0,0.0,0.0,0.0,0.0,6.0,0.0,0.0
"fitzpatrick, ageGroup",3.0,,50-54,,14,0.42,0.18,0.57,0.14,8.0,6.0,6.0,36.0,0.556,2.0,2.0,0.25,6.0,4.0,0.67,1.0,0.0,0.0,12.0,1.0,0.5,0.0,1.0,0.07,13.0,0.0,0.0,3.0,3.0,0.38,5.0,3.0,0.5
"fitzpatrick, ageGroup",3.0,,55-59,,4,0.12,0.12,0.5,0.17,2.0,2.0,2.0,10.0,0.5,0.0,2.0,0.5,2.0,0.0,0.0,2.0,0.0,0.0,0.0,2.0,0.5,0.0,0.0,0.0,4.0,0.0,0.0,0.0,0.0,0.0,4.0,0.0,0.0
"fitzpatrick, ageGroup",4.0,,00-04,,56,0.46,0.12,0.62,0.12,35.0,21.0,21.0,147.0,0.609,11.0,3.0,0.09,30.0,12.0,0.52,0.0,5.0,0.09,51.0,0.0,0.0,6.0,3.0,0.09,29.0,18.0,0.75,4.0,10.0,0.21,37.0,5.0,0.56
"fitzpatrick, ageGroup",4.0,,05-09,,37,0.72,0.1,0.65,0.12,24.0,13.0,13.0,98.0,0.715,5.0,0.0,0.0,28.0,4.0,0.44,0.0,10.0,0.29,25.0,2.0,1.0,6.0,1.0,0.05,18.0,12.0,0.67,2.0,2.0,0.07,27.0,6.0,0.75
"fitzpatrick, ageGroup",4.0,,10-14,,20,0.61,0.1,0.7,0.1,14.0,6.0,6.0,54.0,0.818,0.0,2.0,0.11,16.0,2.0,1.0,0.0,3.0,0.23,10.0,7.0,1.0,0.0,1.0,0.05,19.0,0.0,0.0,6.0,0.0,0.0,9.0,5.0,0.45
"fitzpatrick, ageGroup",4.0,,15-19,,8,0.44,0.03,0.88,0.04,7.0,1.0,1.0,23.0,0.875,0.0,1.0,0.12,7.0,0.0,0.0,1.0,0.0,0.0,4.0,3.0,0.75,0.0,0.0,0.0,8.0,0.0,0.0,0.0,0.0,0.0,4.0,4.0,1.0
"fitzpatrick, ageGroup",4.0,,20-24,,21,0.32,0.12,0.67,0.11,14.0,7.0,7.0,56.0,0.639,0.0,3.0,0.14,18.0,0.0,0.0,5.0,0.0,0.0,12.0,4.0,0.44,0.0,2.0,0.1,19.0,0.0,0.0,2.0,2.0,0.22,7.0,10.0,0.83
"fitzpatrick, ageGroup",4.0,,25-29,,36,0.5,0.12,0.75,0.08,27.0,9.0,9.0,99.0,0.669,1.0,4.0,0.14,25.0,6.0,0.86,5.0,1.0,0.03,28.0,2.0,0.29,0.0,0.0,0.0,36.0,0.0,0.0,3.0,4.0,0.29,10.0,19.0,0.86
"fitzpatrick, ageGroup",4.0,,30-34,,29,0.56,0.12,0.72,0.09,21.0,8.0,8.0,79.0,0.557,0.0,4.0,0.15,23.0,2.0,1.0,4.0,1.0,0.04,22.0,2.0,0.33,2.0,0.0,0.0,27.0,0.0,0.0,2.0,3.0,0.3,7.0,17.0,0.89
"fitzpatrick, ageGroup",4.0,,35-39,,13,0.25,0.16,0.38,0.21,5.0,8.0,8.0,31.0,0.5,0.0,8.0,0.62,5.0,0.0,0.0,8.0,0.0,0.0,5.0,0.0,0.0,0.0,0.0,0.0,13.0,0.0,0.0,0.0,0.0,0.0,8.0,5.0,1.0
"fitzpatrick, ageGroup",4.0,,40-44,,4,0.25,0.12,0.5,0.17,2.0,2.0,2.0,10.0,0.5,2.0,0.0,0.0,2.0,0.0,0.0,0.0,2.0,0.5,2.0,0.0,0.0,0.0,0.0,0.0,4.0,0.0,0.0,0.0,0.0,0.0,2.0,2.0,1.0
"fitzpatrick, ageGroup",4.0,,50-54,,11,0.4,0.08,0.73,0.09,8.0,3.0,3.0,30.0,0.812,0.0,2.0,0.18,9.0,0.0,0.0,3.0,0.0,0.0,3.0,5.0,0.62,0.0,0.0,0.0,11.0,0.0,0.0,0.0,1.0,0.12,7.0,3.0,1.0
"fitzpatrick, ageGroup",4.0,,55-59,,8,0.12,0.12,0.5,0.17,4.0,4.0,4.0,20.0,0.5,0.0,2.0,0.25,6.0,0.0,0.0,0.0,2.0,0.25,6.0,0.0,0.0,0.0,0.0,0.0,8.0,0.0,0.0,4.0,0.0,0.0,0.0,4.0,0.5
"fitzpatrick, ageGroup",4.0,,60-64,,9,0.22,0.06,0.78,0.07,7.0,2.0,2.0,25.0,0.438,0.0,2.0,0.22,7.0,0.0,0.0,1.0,0.0,0.0,1.0,7.0,0.88,0.0,0.0,0.0,9.0,0.0,0.0,1.0,0.0,0.0,8.0,0.0,0.0
"fitzpatrick, ageGroup",4.0,,65-69,,2,0.25,0.0,1.0,0.0,2.0,0.0,0.0,6.0,1.0,0.0,0.0,0.0,0.0,2.0,1.0,0.0,0.0,0.0,2.0,0.0,0.0,0.0,0.0,0.0,2.0,0.0,0.0,0.0,0.0,0.0,2.0,0.0,0.0
"fitzpatrick, ageGroup",5.0,,00-04,,130,0.78,0.07,0.78,0.07,102.0,28.0,28.0,362.0,0.776,17.0,3.0,0.03,96.0,14.0,0.45,3.0,7.0,0.06,104.0,16.0,0.84,6.0,9.0,0.11,75.0,40.0,0.87,2.0,9.0,0.09,87.0,32.0,0.94
"fitzpatrick, ageGroup",5.0,,05-09,,91,0.61,0.12,0.67,0.11,61.0,30.0,30.0,243.0,0.606,5.0,1.0,0.01,83.0,2.0,0.29,0.0,1.0,0.01,67.0,23.0,1.0,0.0,24.0,0.41,35.0,32.0,1.0,25.0,4.0,0.06,58.0,4.0,0.14
"fitzpatrick, ageGroup",5.0,,10-14,,32,0.56,0.12,0.69,0.1,22.0,10.0,10.0,86.0,0.747,7.0,1.0,0.05,19.0,5.0,0.42,0.0,1.0,0.03,28.0,3.0,1.0,0.0,4.0,0.12,28.0,0.0,0.0,3.0,4.0,0.27,11.0,14.0,0.82
"fitzpatrick, ageGroup",5.0,,15-19,,14,0.29,0.2,0.64,0.12,9.0,5.0,5.0,37.0,0.38,3.0,2.0,0.2,8.0,1.0,0.25,1.0,0.0,0.0,13.0,0.0,0.0,0.0,0.0,0.0,14.0,0.0,0.0,1.0,3.0,0.6,2.0,8.0,0.89
"fitzpatrick, ageGroup",5.0,,20-24,,13,0.32,0.13,0.62,0.13,8.0,5.0,5.0,34.0,0.643,0.0,3.0,0.23,10.0,0.0,0.0,5.0,0.0,0.0,6.0,2.0,0.29,0.0,0.0,0.0,13.0,0.0,0.0,0.0,2.0,0.29,5.0,6.0,1.0
"fitzpatrick, ageGroup",5.0,,25-29,,21,0.62,0.06,0.81,0.06,17.0,4.0,4.0,59.0,0.826,1.0,0.0,0.0,17.0,3.0,0.75,0.0,2.0,0.13,13.0,6.0,1.0,0.0,2.0,0.1,19.0,0.0,0.0,3.0,0.0,0.0,10.0,8.0,0.73
"fitzpatrick, ageGroup",5.0,,30-34,,16,0.38,0.19,0.5,0.17,8.0,8.0,8.0,40.0,0.511,4.0,3.0,0.3,7.0,2.0,0.33,3.0,2.0,0.18,9.0,2.0,0.4,0.0,0.0,0.0,16.0,0.0,0.0,1.0,3.0,0.27,8.0,4.0,0.8
"fitzpatrick, ageGroup",5.0,,35-39,,6,0.25,0.0,1.0,0.0,6.0,0.0,0.0,18.0,1.0,0.0,0.0,0.0,6.0,0.0,0.0,0.0,0.0,0.0,6.0,0.0,0.0,0.0,0.0,0.0,6.0,0.0,0.0,0.0,0.0,0.0,0.0,6.0,1.0
"fitzpatrick, ageGroup",5.0,,40-44,,6,0.19,0.29,0.33,0.22,2.0,4.0,4.0,14.0,0.375,1.0,2.0,0.5,2.0,1.0,0.5,3.0,1.0,0.5,1.0,1.0,0.25,0.0,1.0,0.17,5.0,0.0,0.0,0.0,0.0,0.0,6.0,0.0,0.0
"fitzpatrick, ageGroup",5.0,,50-54,,7,0.33,0.15,0.43,0.19,3.0,4.0,4.0,17.0,0.667,0.0,3.0,0.43,4.0,0.0,0.0,0.0,1.0,0.17,5.0,1.0,1.0,0.0,0.0,0.0,7.0,0.0,0.0,4.0,0.0,0.0,1.0,2.0,0.33
"fitzpatrick, ageGroup",5.0,,55-59,,6,0.17,0.08,0.67,0.11,4.0,2.0,2.0,16.0,0.667,2.0,0.0,0.0,0.0,4.0,0.67,0.0,1.0,0.17,5.0,0.0,0.0,0.0,0.0,0.0,6.0,0.0,0.0,0.0,1.0,0.17,5.0,0.0,0.0
"fitzpatrick, ageGroup",6.0,,00-04,,14,0.22,0.22,0.43,0.19,6.0,8.0,8.0,34.0,0.302,1.0,3.0,0.23,10.0,0.0,0.0,4.0,3.0,0.38,5.0,2.0,0.33,0.0,0.0,0.0,14.0,0.0,0.0,3.0,2.0,0.29,5.0,4.0,0.57
"fitzpatrick, ageGroup",6.0,,05-09,,26,0.61,0.08,0.88,0.04,23.0,3.0,3.0,75.0,0.614,1.0,0.0,0.0,24.0,1.0,0.5,1.0,1.0,0.25,3.0,21.0,0.95,0.0,0.0,0.0,25.0,1.0,1.0,1.0,2.0,0.08,23.0,0.0,0.0
"fitzpatrick, ageGroup",6.0,,10-14,,4,0.62,0.08,0.75,0.08,3.0,1.0,1.0,11.0,0.833,0.0,0.0,0.0,4.0,0.0,0.0,0.0,1.0,0.33,2.0,1.0,1.0,0.0,0.0,0.0,3.0,1.0,1.0,1.0,0.0,0.0,2.0,1.0,0.5
"fitzpatrick, ageGroup",6.0,,15-19,,3,0.25,0.25,0.33,0.22,1.0,2.0,2.0,7.0,0.333,0.0,2.0,1.0,0.0,1.0,1.0,0.0,0.0,0.0,3.0,0.0,0.0,1.0,0.0,0.0,2.0,0.0,0.0,1.0,0.0,0.0,2.0,0.0,0.0
"fitzpatrick, ageGroup",6.0,,20-24,,1,0.25,0.0,1.0,0.0,1.0,0.0,0.0,3.0,1.0,0.0,0.0,0.0,1.0,0.0,0.0,0.0,0.0,0.0,1.0,0.0,0.0,0.0,0.0,0.0,1.0,0.0,0.0,0.0,0.0,0.0,0.0,1.0,1.0
"fitzpatrick, ageGroup",6.0,,25-29,,11,0.65,0.14,0.64,0.12,7.0,4.0,4.0,29.0,0.65,1.0,1.0,0.11,8.0,1.0,0.5,2.0,2.0,0.33,4.0,3.0,0.6,1.0,0.0,0.0,9.0,1.0,0.5,0.0,1.0,0.11,8.0,2.0,1.0
"fitzpatrick, ageGroup",6.0,,30-34,,7,0.58,0.12,0.57,0.14,4.0,3.0,3.0,18.0,0.583,1.0,1.0,0.17,5.0,0.0,0.0,2.0,0.0,0.0,4.0,1.0,0.33,0.0,2.0,0.33,4.0,1.0,1.0,0.0,0.0,0.0,5.0,2.0,1.0
"fitzpatrick, ageGroup",6.0,,35-39,,12,0.79,0.07,0.75,0.08,9.0,3.0,3.0,33.0,0.792,0.0,0.0,0.0,9.0,3.0,1.0,2.0,0.0,0.0,6.0,4.0,0.67,1.0,0.0,0.0,10.0,1.0,0.5,0.0,3.0,0.27,8.0,1.0,1.0
"fitzpatrick, ageGroup",6.0,,40-44,,2,0.25,0.0,1.0,0.0,2.0,0.0,0.0,6.0,1.0,0.0,0.0,0.0,2.0,0.0,0.0,0.0,0.0,0.0,0.0,2.0,1.0,0.0,0.0,0.0,2.0,0.0,0.0,0.0,0.0,0.0,2.0,0.0,0.0
"fitzpatrick, ageGroup",6.0,,45-49,,6,0.2,0.29,0.67,0.11,4.0,2.0,2.0,16.0,0.4,1.0,0.0,0.0,5.0,0.0,0.0,1.0,1.0,1.0,0.0,4.0,0.8,0.0,1.0,0.17,5.0,0.0,0.0,0.0,0.0,0.0,6.0,0.0,0.0
"fitzpatrick, ageGroup",6.0,,60-64,,1,0.25,0.0,1.0,0.0,1.0,0.0,0.0,3.0,1.0,0.0,0.0,0.0,1.0,0.0,0.0,0.0,0.0,0.0,0.0,1.0,1.0,0.0,0.0,0.0,1.0,0.0,0.0,0.0,0.0,0.0,1.0,0.0,0.0
"fitzpatrick, country",3.0,,,Guinea,2,0.5,0.0,1.0,0.0,2.0,0.0,0.0,6.0,1.0,0.0,0.0,0.0,1.0,1.0,1.0,0.0,0.0,0.0,1.0,1.0,1.0,0.0,0.0,0.0,2.0,0.0,0.0,0.0,0.0,0.0,2.0,0.0,0.0
"fitzpatrick, country",3.0,,,Madagascar,119,0.55,0.14,0.61,0.13,73.0,46.0,46.0,311.0,0.55,16.0,15.0,0.23,50.0,38.0,0.7,13.0,11.0,0.12,79.0,16.0,0.55,5.0,4.0,0.04,107.0,3.0,0.38,12.0,16.0,0.18,75.0,16.0,0.57
"fitzpatrick, country",3.0,,,Malawi,182,0.72,0.1,0.73,0.09,133.0,49.0,49.0,497.0,0.72,12.0,11.0,0.08,134.0,25.0,0.68,7.0,8.0,0.05,151.0,16.0,0.7,19.0,14.0,0.12,106.0,43.0,0.69,11.0,16.0,0.13,106.0,49.0,0.82
"fitzpatrick, country",4.0,,,Madagascar,194,0.48,0.12,0.65,0.12,127.0,67.0,67.0,515.0,0.474,12.0,31.0,0.19,129.0,22.0,0.65,27.0,17.0,0.12,125.0,25.0,0.48,4.0,5.0,0.03,185.0,0.0,0.0,24.0,14.0,0.16,76.0,80.0,0.77
"fitzpatrick, country",4.0,,,Malawi,56,0.52,0.1,0.71,0.1,40.0,16.0,16.0,152.0,0.694,6.0,0.0,0.0,47.0,3.0,0.33,0.0,6.0,0.12,43.0,7.0,1.0,10.0,2.0,0.12,14.0,30.0,0.75,0.0,8.0,0.14,48.0,0.0,0.0
"fitzpatrick, country",4.0,,,Tanzania,4,0.19,0.06,0.75,0.08,3.0,1.0,1.0,11.0,0.75,1.0,0.0,0.0,0.0,3.0,0.75,0.0,1.0,0.25,3.0,0.0,0.0,0.0,0.0,0.0,4.0,0.0,0.0,0.0,0.0,0.0,4.0,0.0,0.0
"fitzpatrick, country",5.0,,,Madagascar,127,0.61,0.12,0.66,0.11,84.0,43.0,43.0,338.0,0.609,16.0,15.0,0.17,74.0,22.0,0.58,13.0,11.0,0.12,84.0,19.0,0.59,1.0,5.0,0.04,120.0,1.0,0.5,13.0,12.0,0.17,60.0,42.0,0.76
"fitzpatrick, country",5.0,,,Malawi,200,0.68,0.09,0.76,0.08,152.0,48.0,48.0,552.0,0.677,15.0,3.0,0.02,178.0,4.0,0.21,2.0,4.0,0.02,159.0,35.0,0.95,5.0,32.0,0.26,92.0,71.0,0.93,26.0,9.0,0.07,123.0,42.0,0.62
"fitzpatrick, country",5.0,,,Tanzania,15,0.1,0.15,0.4,0.2,6.0,9.0,9.0,36.0,0.4,9.0,0.0,0.0,0.0,6.0,0.4,0.0,1.0,0.07,14.0,0.0,0.0,0.0,3.0,0.2,12.0,0.0,0.0,0.0,5.0,0.33,10.0,0.0,0.0
"fitzpatrick, country",6.0,,,Guinea,84,0.64,0.12,0.7,0.1,59.0,25.0,25.0,227.0,0.638,5.0,7.0,0.1,66.0,6.0,0.55,11.0,8.0,0.24,26.0,39.0,0.78,3.0,3.0,0.04,73.0,5.0,0.62,6.0,7.0,0.1,62.0,9.0,0.6
"fitzpatrick, country",6.0,,,Madagascar,3,0.25,0.25,0.67,0.11,2.0,1.0,1.0,8.0,0.5,0.0,0.0,0.0,3.0,0.0,0.0,1.0,0.0,0.0,2.0,0.0,0.0,0.0,0.0,0.0,3.0,0.0,0.0,0.0,1.0,1.0,0.0,2.0,1.0
"sex, ageGroup",,f,00-04,,141,0.76,0.08,0.74,0.09,105.0,36.0,36.0,387.0,0.764,11.0,8.0,0.08,96.0,26.0,0.7,2.0,13.0,0.1,112.0,14.0,0.88,8.0,9.0,0.09,88.0,36.0,0.82,15.0,6.0,0.06,91.0,29.0,0.66
"sex, ageGroup",,f,05-09,,68,0.71,0.1,0.66,0.11,45.0,23.0,23.0,181.0,0.713,4.0,6.0,0.1,54.0,4.0,0.5,3.0,8.0,0.14,50.0,7.0,0.7,16.0,1.0,0.05,21.0,30.0,0.65,0.0,8.0,0.12,56.0,4.0,1.0
"sex, ageGroup",,f,10-14,,33,0.62,0.08,0.76,0.08,25.0,8.0,8.0,91.0,0.822,7.0,0.0,0.0,18.0,8.0,0.53,0.0,1.0,0.03,29.0,3.0,1.0,0.0,3.0,0.09,30.0,0.0,0.0,1.0,4.0,0.22,14.0,14.0,0.93
"sex, ageGroup",,f,15-19,,8,0.56,0.08,0.75,0.08,6.0,2.0,2.0,22.0,0.75,0.0,2.0,0.33,4.0,2.0,1.0,1.0,0.0,0.0,6.0,1.0,0.5,0.0,0.0,0.0,8.0,0.0,0.0,1.0,0.0,0.0,4.0,3.0,0.75
"sex, ageGroup",,f,20-24,,21,0.28,0.16,0.52,0.16,11.0,10.0,10.0,53.0,0.367,1.0,3.0,0.15,17.0,0.0,0.0,5.0,2.0,0.18,9.0,5.0,0.5,0.0,3.0,0.14,18.0,0.0,0.0,4.0,2.0,0.18,9.0,6.0,0.6
"sex, ageGroup",,f,25-29,,45,0.74,0.08,0.8,0.07,36.0,9.0,9.0,126.0,0.741,2.0,3.0,0.09,32.0,8.0,0.8,1.0,2.0,0.05,36.0,6.0,0.86,1.0,2.0,0.05,41.0,1.0,0.5,5.0,2.0,0.11,17.0,21.0,0.81
"sex, ageGroup",,f,30-34,,23,0.72,0.06,0.83,0.06,19.0,4.0,4.0,65.0,0.714,1.0,2.0,0.1,18.0,2.0,0.67,1.0,0.0,0.0,16.0,6.0,0.86,2.0,1.0,0.05,19.0,1.0,0.33,0.0,1.0,0.08,12.0,10.0,1.0
"sex, ageGroup",,f,35-39,,18,0.66,0.16,0.44,0.19,8.0,10.0,10.0,44.0,0.656,0.0,5.0,0.31,11.0,2.0,1.0,7.0,0.0,0.0,10.0,1.0,0.12,3.0,0.0,0.0,12.0,3.0,0.5,0.0,5.0,0.31,11.0,2.0,1.0
"sex, ageGroup",,f,40-44,,11,0.45,0.19,0.45,0.18,5.0,6.0,6.0,27.0,0.595,1.0,4.0,0.44,5.0,1.0,0.5,5.0,1.0,0.25,3.0,2.0,0.29,0.0,1.0,0.09,10.0,0.0,0.0,0.0,0.0,0.0,9.0,2.0,1.0
"sex, ageGroup",,f,45-49,,6,0.45,0.05,0.83,0.06,5.0,1.0,1.0,17.0,0.9,1.0,0.0,0.0,1.0,4.0,0.8,0.0,1.0,0.2,4.0,1.0,1.0,0.0,0.0,0.0,6.0,0.0,0.0,0.0,0.0,0.0,6.0,0.0,0.0
"sex, ageGroup",,f,50-54,,25,0.43,0.15,0.56,0.15,14.0,11.0,11.0,64.0,0.57,2.0,6.0,0.32,13.0,4.0,0.67,4.0,0.0,0.0,15.0,6.0,0.6,0.0,1.0,0.04,24.0,0.0,0.0,5.0,4.0,0.25,12.0,4.0,0.44
"sex, ageGroup",,f,55-59,,14,0.29,0.16,0.57,0.14,8.0,6.0,6.0,36.0,0.583,2.0,2.0,0.25,6.0,4.0,0.67,0.0,3.0,0.21,11.0,0.0,0.0,0.0,0.0,0.0,14.0,0.0,0.0,4.0,1.0,0.17,5.0,4.0,0.5
"sex, ageGroup",,f,60-64,,10,0.22,0.05,0.8,0.07,8.0,2.0,2.0,28.0,0.444,0.0,2.0,0.2,8.0,0.0,0.0,1.0,0.0,0.0,1.0,8.0,0.89,0.0,0.0,0.0,10.0,0.0,0.0,1.0,0.0,0.0,9.0,0.0,0.0
"sex, ageGroup",,f,65-69,,2,0.25,0.0,1.0,0.0,2.0,0.0,0.0,6.0,1.0,0.0,0.0,0.0,0.0,2.0,1.0,0.0,0.0,0.0,2.0,0.0,0.0,0.0,0.0,0.0,2.0,0.0,0.0,0.0,0.0,0.0,2.0,0.0,0.0
"sex, ageGroup",,m,00-04,,220,0.7,0.1,0.71,0.1,157.0,63.0,63.0,597.0,0.697,31.0,12.0,0.08,139.0,38.0,0.55,7.0,14.0,0.07,188.0,11.0,0.61,15.0,14.0,0.09,139.0,52.0,0.78,10.0,23.0,0.15,131.0,56.0,0.85
"sex, ageGroup",,m,05-09,,147,0.66,0.1,0.69,0.1,101.0,46.0,46.0,395.0,0.665,14.0,1.0,0.01,122.0,10.0,0.42,4.0,6.0,0.06,88.0,49.0,0.92,0.0,29.0,0.25,89.0,29.0,1.0,28.0,10.0,0.09,96.0,13.0,0.32
"sex, ageGroup",,m,10-14,,38,0.78,0.12,0.66,0.11,25.0,13.0,13.0,101.0,0.786,3.0,4.0,0.14,24.0,7.0,0.7,0.0,5.0,0.17,24.0,9.0,1.0,0.0,2.0,0.05,35.0,1.0,1.0,10.0,2.0,0.1,18.0,8.0,0.44
"sex, ageGroup",,m,15-19,,18,0.46,0.15,0.67,0.11,12.0,6.0,6.0,48.0,0.454,3.0,3.0,0.21,11.0,1.0,0.25,1.0,0.0,0.0,15.0,2.0,0.67,1.0,0.0,0.0,17.0,0.0,0.0,1.0,3.0,0.38,5.0,9.0,0.9
"sex, ageGroup",,m,20-24,,22,0.32,0.11,0.77,0.08,17.0,5.0,5.0,61.0,0.643,0.0,3.0,0.14,19.0,0.0,0.0,5.0,0.0,0.0,15.0,2.0,0.29,0.0,0.0,0.0,22.0,0.0,0.0,0.0,2.0,0.29,5.0,15.0,1.0
"sex, ageGroup",,m,25-29,,38,0.55,0.11,0.74,0.09,28.0,10.0,10.0,104.0,0.73,2.0,2.0,0.06,30.0,4.0,0.67,6.0,4.0,0.2,16.0,12.0,0.67,0.0,0.0,0.0,38.0,0.0,0.0,2.0,4.0,0.17,20.0,12.0,0.86
"sex, ageGroup",,m,30-34,,32,0.29,0.2,0.5,0.17,16.0,16.0,16.0,80.0,0.386,4.0,6.0,0.23,20.0,2.0,0.33,9.0,3.0,0.13,20.0,0.0,0.0,0.0,1.0,0.03,31.0,0.0,0.0,3.0,6.0,0.4,9.0,14.0,0.82
"sex, ageGroup",,m,35-39,,21,0.58,0.11,0.67,0.11,14.0,7.0,7.0,56.0,0.583,0.0,5.0,0.25,15.0,1.0,1.0,6.0,0.0,0.0,12.0,3.0,0.33,1.0,0.0,0.0,20.0,0.0,0.0,0.0,2.0,0.18,9.0,10.0,1.0
"sex, ageGroup",,m,40-44,,8,0.12,0.34,0.38,0.21,3.0,5.0,5.0,19.0,0.25,2.0,0.0,0.0,6.0,0.0,0.0,3.0,2.0,1.0,0.0,3.0,0.5,0.0,0.0,0.0,8.0,0.0,0.0,0.0,3.0,0.38,5.0,0.0,0.0
"sex, ageGroup",,m,45-49,,6,0.2,0.29,0.67,0.11,4.0,2.0,2.0,16.0,0.4,1.0,0.0,0.0,5.0,0.0,0.0,1.0,1.0,1.0,0.0,4.0,0.8,0.0,1.0,0.17,5.0,0.0,0.0,0.0,0.0,0.0,6.0,0.0,0.0
"sex, ageGroup",,m,50-54,,7,0.42,0.08,0.71,0.1,5.0,2.0,2.0,19.0,0.833,0.0,1.0,0.14,6.0,0.0,0.0,0.0,1.0,0.17,5.0,1.0,1.0,0.0,0.0,0.0,7.0,0.0,0.0,2.0,0.0,0.0,1.0,4.0,0.67
"sex, ageGroup",,m,55-59,,4,0.12,0.12,0.5,0.17,2.0,2.0,2.0,10.0,0.5,0.0,2.0,0.5,2.0,0.0,0.0,2.0,0.0,0.0,0.0,2.0,0.5,0.0,0.0,0.0,4.0,0.0,0.0,0.0,0.0,0.0,4.0,0.0,0.0
"sex, country",,f,,Guinea,30,0.61,0.12,0.73,0.09,22.0,8.0,8.0,82.0,0.609,3.0,1.0,0.04,23.0,3.0,0.5,1.0,5.0,0.36,9.0,15.0,0.94,1.0,1.0,0.04,25.0,3.0,0.75,3.0,1.0,0.04,25.0,1.0,0.25
"sex, country",,f,,Madagascar,214,0.58,0.12,0.66,0.11,142.0,72.0,72.0,570.0,0.583,20.0,31.0,0.22,112.0,51.0,0.72,24.0,12.0,0.08,148.0,30.0,0.56,6.0,9.0,0.04,196.0,3.0,0.33,22.0,20.0,0.15,114.0,58.0,0.72
"sex, country",,f,,Malawi,177,0.71,0.09,0.73,0.09,130.0,47.0,47.0,484.0,0.707,8.0,11.0,0.07,148.0,10.0,0.56,5.0,13.0,0.08,144.0,15.0,0.75,23.0,11.0,0.12,78.0,65.0,0.74,11.0,12.0,0.1,114.0,40.0,0.78
"sex, country",,f,,Tanzania,4,0.19,0.06,0.75,0.08,3.0,1.0,1.0,11.0,0.75,1.0,0.0,0.0,0.0,3.0,0.75,0.0,1.0,0.25,3.0,0.0,0.0,0.0,0.0,0.0,4.0,0.0,0.0,0.0,0.0,0.0,4.0,0.0,0.0
"sex, country",,m,,Guinea,56,0.65,0.11,0.7,0.1,39.0,17.0,17.0,151.0,0.652,2.0,6.0,0.12,44.0,4.0,0.67,10.0,3.0,0.14,18.0,25.0,0.71,2.0,2.0,0.04,50.0,2.0,0.5,3.0,6.0,0.13,39.0,8.0,0.73
"sex, country",,m,,Madagascar,229,0.5,0.14,0.63,0.12,144.0,85.0,85.0,602.0,0.504,24.0,30.0,0.17,144.0,31.0,0.56,30.0,27.0,0.16,142.0,30.0,0.5,4.0,5.0,0.02,219.0,1.0,0.2,27.0,23.0,0.19,97.0,82.0,0.75
"sex, country",,m,,Malawi,261,0.73,0.09,0.75,0.08,195.0,66.0,66.0,717.0,0.731,25.0,3.0,0.01,211.0,22.0,0.47,4.0,5.0,0.02,209.0,43.0,0.91,11.0,37.0,0.22,134.0,79.0,0.88,26.0,21.0,0.11,163.0,51.0,0.66
"sex, country",,m,,Tanzania,15,0.1,0.15,0.4,0.2,6.0,9.0,9.0,36.0,0.4,9.0,0.0,0.0,0.0,6.0,0.4,0.0,1.0,0.07,14.0,0.0,0.0,0.0,3.0,0.2,12.0,0.0,0.0,0.0,5.0,0.33,10.0,0.0,0.0
"ageGroup, country",,,00-04,Guinea,14,0.22,0.22,0.43,0.19,6.0,8.0,8.0,34.0,0.302,1.0,3.0,0.23,10.0,0.0,0.0,4.0,3.0,0.38,5.0,2.0,0.33,0.0,0.0,0.0,14.0,0.0,0.0,3.0,2.0,0.29,5.0,4.0,0.57
"ageGroup, country",,,00-04,Madagascar,73,0.51,0.15,0.6,0.13,44.0,29.0,29.0,190.0,0.51,13.0,9.0,0.27,24.0,27.0,0.68,2.0,12.0,0.18,56.0,3.0,0.6,4.0,4.0,0.06,64.0,1.0,0.2,10.0,4.0,0.08,46.0,13.0,0.57
"ageGroup, country",,,00-04,Malawi,258,0.78,0.08,0.79,0.07,203.0,55.0,55.0,719.0,0.778,21.0,8.0,0.04,201.0,28.0,0.57,3.0,10.0,0.04,225.0,20.0,0.87,19.0,16.0,0.11,136.0,87.0,0.82,12.0,21.0,0.12,157.0,68.0,0.85
"ageGroup, country",,,00-04,Tanzania,16,0.14,0.11,0.56,0.15,9.0,7.0,7.0,41.0,0.562,7.0,0.0,0.0,0.0,9.0,0.56,0.0,2.0,0.12,14.0,0.0,0.0,0.0,3.0,0.19,13.0,0.0,0.0,0.0,2.0,0.12,14.0,0.0,0.0
"ageGroup, country",,,05-09,Guinea,26,0.61,0.08,0.88,0.04,23.0,3.0,3.0,75.0,0.614,1.0,0.0,0.0,24.0,1.0,0.5,1.0,1.0,0.25,3.0,21.0,0.95,0.0,0.0,0.0,25.0,1.0,1.0,1.0,2.0,0.08,23.0,0.0,0.0
"ageGroup, country",,,05-09,Madagascar,35,0.67,0.14,0.57,0.14,20.0,15.0,15.0,90.0,0.67,12.0,1.0,0.07,13.0,9.0,0.43,0.0,5.0,0.16,26.0,4.0,1.0,1.0,1.0,0.03,32.0,1.0,0.5,2.0,8.0,0.3,19.0,6.0,0.75
"ageGroup, country",,,05-09,Malawi,154,0.6,0.13,0.67,0.11,103.0,51.0,51.0,411.0,0.595,5.0,6.0,0.04,139.0,4.0,0.44,6.0,8.0,0.07,109.0,31.0,0.84,15.0,29.0,0.35,53.0,57.0,0.79,25.0,8.0,0.07,110.0,11.0,0.31
"ageGroup, country",,,10-14,Guinea,5,0.88,0.06,0.8,0.07,4.0,1.0,1.0,14.0,0.875,0.0,0.0,0.0,4.0,1.0,1.0,0.0,1.0,0.25,3.0,1.0,1.0,0.0,0.0,0.0,4.0,1.0,1.0,1.0,0.0,0.0,3.0,1.0,0.5
"ageGroup, country",,,10-14,Madagascar,40,0.57,0.12,0.68,0.11,27.0,13.0,13.0,107.0,0.766,3.0,4.0,0.17,19.0,14.0,0.82,0.0,5.0,0.14,31.0,4.0,1.0,0.0,2.0,0.05,38.0,0.0,0.0,10.0,2.0,0.1,19.0,9.0,0.47
"ageGroup, country",,,10-14,Malawi,26,0.5,0.1,0.73,0.09,19.0,7.0,7.0,71.0,0.667,7.0,0.0,0.0,19.0,0.0,0.0,0.0,0.0,0.0,19.0,7.0,1.0,0.0,3.0,0.12,23.0,0.0,0.0,0.0,4.0,0.29,10.0,12.0,1.0
"ageGroup, country",,,15-19,Guinea,3,0.25,0.25,0.33,0.22,1.0,2.0,2.0,7.0,0.333,0.0,2.0,1.0,0.0,1.0,1.0,0.0,0.0,0.0,3.0,0.0,0.0,1.0,0.0,0.0,2.0,0.0,0.0,1.0,0.0,0.0,2.0,0.0,0.0
"ageGroup, country",,,15-19,Madagascar,20,0.63,0.04,0.85,0.05,17.0,3.0,3.0,57.0,0.841,0.0,3.0,0.17,15.0,2.0,1.0,2.0,0.0,0.0,15.0,3.0,0.6,0.0,0.0,0.0,20.0,0.0,0.0,1.0,0.0,0.0,7.0,12.0,0.92
"ageGroup, country",,,15-19,Tanzania,3,0.0,0.25,0.0,0.33,0.0,3.0,3.0,6.0,0.0,3.0,0.0,0.0,0.0,0.0,0.0,0.0,0.0,0.0,3.0,0.0,0.0,0.0,0.0,0.0,3.0,0.0,0.0,0.0,3.0,1.0,0.0,0.0,0.0
"ageGroup, country",,,20-24,Guinea,1,0.25,0.0,1.0,0.0,1.0,0.0,0.0,3.0,1.0,0.0,0.0,0.0,1.0,0.0,0.0,0.0,0.0,0.0,1.0,0.0,0.0,0.0,0.0,0.0,1.0,0.0,0.0,0.0,0.0,0.0,0.0,1.0,1.0
"ageGroup, country",,,20-24,Madagascar,42,0.31,0.13,0.64,0.12,27.0,15.0,15.0,111.0,0.415,1.0,6.0,0.15,35.0,0.0,0.0,10.0,2.0,0.08,23.0,7.0,0.41,0.0,3.0,0.07,39.0,0.0,0.0,4.0,4.0,0.22,14.0,20.0,0.83
"ageGroup, country",,,25-29,Guinea,10,0.69,0.11,0.7,0.1,7.0,3.0,3.0,27.0,0.688,1.0,1.0,0.12,7.0,1.0,0.5,1.0,2.0,0.33,4.0,3.0,0.75,1.0,0.0,0.0,8.0,1.0,0.5,0.0,0.0,0.0,8.0,2.0,1.0
"ageGroup, country",,,25-29,Madagascar,73,0.58,0.09,0.78,0.07,57.0,16.0,16.0,203.0,0.772,3.0,4.0,0.07,55.0,11.0,0.79,6.0,4.0,0.08,48.0,15.0,0.71,0.0,2.0,0.03,71.0,0.0,0.0,7.0,6.0,0.17,29.0,31.0,0.82
"ageGroup, country",,,30-34,Guinea,5,0.33,0.19,0.4,0.2,2.0,3.0,3.0,12.0,0.444,1.0,1.0,0.25,3.0,0.0,0.0,2.0,0.0,0.0,2.0,1.0,0.33,0.0,2.0,0.5,2.0,1.0,1.0,0.0,0.0,0.0,5.0,0.0,0.0
"ageGroup, country",,,30-34,Madagascar,50,0.44,0.14,0.66,0.11,33.0,17.0,17.0,133.0,0.443,4.0,7.0,0.17,35.0,4.0,0.5,8.0,3.0,0.08,34.0,5.0,0.38,2.0,0.0,0.0,48.0,0.0,0.0,3.0,7.0,0.3,16.0,24.0,0.89
"ageGroup, country",,,35-39,Guinea,12,0.79,0.07,0.75,0.08,9.0,3.0,3.0,33.0,0.792,0.0,0.0,0.0,9.0,3.0,1.0,2.0,0.0,0.0,6.0,4.0,0.67,1.0,0.0,0.0,10.0,1.0,0.5,0.0,3.0,0.27,8.0,1.0,1.0
"ageGroup, country",,,35-39,Madagascar,27,0.35,0.16,0.48,0.17,13.0,14.0,14.0,67.0,0.467,0.0,10.0,0.37,17.0,0.0,0.0,11.0,0.0,0.0,16.0,0.0,0.0,3.0,0.0,0.0,22.0,2.0,0.4,0.0,4.0,0.25,12.0,11.0,1.0
"ageGroup, country",,,40-44,Guinea,2,0.25,0.0,1.0,0.0,2.0,0.0,0.0,6.0,1.0,0.0,0.0,0.0,2.0,0.0,0.0,0.0,0.0,0.0,0.0,2.0,1.0,0.0,0.0,0.0,2.0,0.0,0.0,0.0,0.0,0.0,2.0,0.0,0.0
"ageGroup, country",,,40-44,Madagascar,17,0.38,0.27,0.35,0.22,6.0,11.0,11.0,40.0,0.508,3.0,4.0,0.31,9.0,1.0,0.25,8.0,3.0,0.5,3.0,3.0,0.27,0.0,1.0,0.06,16.0,0.0,0.0,0.0,3.0,0.2,12.0,2.0,1.0
"ageGroup, country",,,45-49,Guinea,7,0.21,0.29,0.71,0.1,5.0,2.0,2.0,19.0,0.417,1.0,0.0,0.0,6.0,0.0,0.0,1.0,1.0,1.0,0.0,5.0,0.83,0.0,1.0,0.14,6.0,0.0,0.0,0.0,0.0,0.0,7.0,0.0,0.0
"ageGroup, country",,,45-49,Madagascar,5,0.2,0.05,0.8,0.07,4.0,1.0,1.0,14.0,0.8,1.0,0.0,0.0,0.0,4.0,0.8,0.0,1.0,0.2,4.0,0.0,0.0,0.0,0.0,0.0,5.0,0.0,0.0,0.0,0.0,0.0,5.0,0.0,0.0
"ageGroup, country",,,50-54,Madagascar,32,0.46,0.15,0.59,0.14,19.0,13.0,13.0,83.0,0.612,2.0,7.0,0.27,19.0,4.0,0.67,4.0,1.0,0.05,20.0,7.0,0.64,0.0,1.0,0.03,31.0,0.0,0.0,7.0,4.0,0.24,13.0,8.0,0.53
"ageGroup, country",,,55-59,Madagascar,18,0.42,0.16,0.56,0.15,10.0,8.0,8.0,46.0,0.556,2.0,4.0,0.33,8.0,4.0,0.67,2.0,3.0,0.21,11.0,2.0,0.5,0.0,0.0,0.0,18.0,0.0,0.0,4.0,1.0,0.1,9.0,4.0,0.5
"ageGroup, country",,,60-64,Guinea,1,0.25,0.0,1.0,0.0,1.0,0.0,0.0,3.0,1.0,0.0,0.0,0.0,1.0,0.0,0.0,0.0,0.0,0.0,0.0,1.0,1.0,0.0,0.0,0.0,1.0,0.0,0.0,0.0,0.0,0.0,1.0,0.0,0.0
"ageGroup, country",,,60-64,Madagascar,9,0.22,0.06,0.78,0.07,7.0,2.0,2.0,25.0,0.438,0.0,2.0,0.22,7.0,0.0,0.0,1.0,0.0,0.0,1.0,7.0,0.88,0.0,0.0,0.0,9.0,0.0,0.0,1.0,0.0,0.0,8.0,0.0,0.0
"ageGroup, country",,,65-69,Madagascar,2,0.25,0.0,1.0,0.0,2.0,0.0,0.0,6.0,1.0,0.0,0.0,0.0,0.0,2.0,1.0,0.0,0.0,0.0,2.0,0.0,0.0,0.0,0.0,0.0,2.0,0.0,0.0,0.0,0.0,0.0,2.0,0.0,0.0
"fitzpatrick, sex, ageGroup",3.0,f,00-04,,70,0.62,0.07,0.76,0.08,53.0,17.0,17.0,193.0,0.831,5.0,5.0,0.11,41.0,19.0,0.79,0.0,4.0,0.06,66.0,0.0,0.0,0.0,8.0,0.12,56.0,6.0,1.0,12.0,0.0,0.0,30.0,28.0,0.7
"fitzpatrick, sex, ageGroup",3.0,f,05-09,,32,0.33,0.15,0.53,0.16,17.0,15.0,15.0,81.0,0.444,2.0,6.0,0.21,22.0,2.0,0.5,3.0,2.0,0.07,26.0,1.0,0.25,10.0,1.0,0.12,7.0,14.0,0.58,0.0,6.0,0.19,26.0,0.0,0.0
"fitzpatrick, sex, ageGroup",3.0,f,10-14,,7,0.75,0.0,1.0,0.0,7.0,0.0,0.0,21.0,1.0,0.0,0.0,0.0,3.0,4.0,1.0,0.0,0.0,0.0,6.0,1.0,1.0,0.0,0.0,0.0,7.0,0.0,0.0,0.0,0.0,0.0,5.0,2.0,1.0
"fitzpatrick, sex, ageGroup",3.0,f,15-19,,1,0.25,0.0,1.0,0.0,1.0,0.0,0.0,3.0,1.0,0.0,0.0,0.0,0.0,1.0,1.0,0.0,0.0,0.0,1.0,0.0,0.0,0.0,0.0,0.0,1.0,0.0,0.0,0.0,0.0,0.0,1.0,0.0,0.0
"fitzpatrick, sex, ageGroup",3.0,f,20-24,,5,0.33,0.18,0.4,0.2,2.0,3.0,3.0,12.0,0.444,1.0,0.0,0.0,4.0,0.0,0.0,0.0,2.0,0.5,2.0,1.0,1.0,0.0,1.0,0.2,4.0,0.0,0.0,2.0,0.0,0.0,2.0,1.0,0.33
"fitzpatrick, sex, ageGroup",3.0,f,25-29,,10,0.67,0.04,0.9,0.03,9.0,1.0,1.0,29.0,0.889,1.0,0.0,0.0,7.0,2.0,0.67,0.0,0.0,0.0,7.0,3.0,1.0,0.0,0.0,0.0,10.0,0.0,0.0,0.0,1.0,0.17,5.0,4.0,1.0
"fitzpatrick, sex, ageGroup",3.0,f,30-34,,3,0.38,0.12,0.67,0.11,2.0,1.0,1.0,8.0,0.75,0.0,0.0,0.0,3.0,0.0,0.0,1.0,0.0,0.0,1.0,1.0,0.5,0.0,0.0,0.0,3.0,0.0,0.0,0.0,1.0,0.5,1.0,1.0,1.0
"fitzpatrick, sex, ageGroup",3.0,f,35-39,,8,0.1,0.19,0.25,0.25,2.0,6.0,6.0,18.0,0.2,0.0,2.0,0.25,6.0,0.0,0.0,3.0,0.0,0.0,5.0,0.0,0.0,3.0,0.0,0.0,3.0,2.0,0.4,0.0,4.0,0.5,4.0,0.0,0.0
"fitzpatrick, sex, ageGroup",3.0,f,40-44,,2,0.0,0.25,0.0,0.33,0.0,2.0,2.0,4.0,0.0,0.0,2.0,1.0,0.0,0.0,0.0,2.0,0.0,0.0,0.0,0.0,0.0,0.0,0.0,0.0,2.0,0.0,0.0,0.0,0.0,0.0,2.0,0.0,0.0
"fitzpatrick, sex, ageGroup",3.0,f,45-49,,4,0.25,0.0,1.0,0.0,4.0,0.0,0.0,12.0,1.0,0.0,0.0,0.0,0.0,4.0,1.0,0.0,0.0,0.0,4.0,0.0,0.0,0.0,0.0,0.0,4.0,0.0,0.0,0.0,0.0,0.0,4.0,0.0,0.0
"fitzpatrick, sex, ageGroup",3.0,f,50-54,,14,0.42,0.18,0.57,0.14,8.0,6.0,6.0,36.0,0.556,2.0,2.0,0.25,6.0,4.0,0.67,1.0,0.0,0.0,12.0,1.0,0.5,0.0,1.0,0.07,13.0,0.0,0.0,3.0,3.0,0.38,5.0,3.0,0.5
"fitzpatrick, sex, ageGroup",3.0,m,00-04,,91,0.74,0.09,0.73,0.09,66.0,25.0,25.0,248.0,0.742,8.0,6.0,0.09,58.0,19.0,0.7,2.0,8.0,0.1,74.0,7.0,0.78,11.0,3.0,0.05,53.0,24.0,0.69,4.0,8.0,0.11,63.0,16.0,0.8
"fitzpatrick, sex, ageGroup",3.0,m,05-09,,29,0.56,0.08,0.72,0.09,21.0,8.0,8.0,79.0,0.75,5.0,0.0,0.0,19.0,5.0,0.5,3.0,0.0,0.0,17.0,9.0,0.75,0.0,4.0,0.14,25.0,0.0,0.0,0.0,4.0,0.18,18.0,7.0,1.0
"fitzpatrick, sex, ageGroup",3.0,m,10-14,,8,0.14,0.35,0.5,0.17,4.0,4.0,4.0,20.0,0.286,3.0,1.0,1.0,0.0,4.0,0.57,0.0,1.0,0.12,7.0,0.0,0.0,0.0,0.0,0.0,8.0,0.0,0.0,1.0,2.0,0.29,5.0,0.0,0.0
"fitzpatrick, sex, ageGroup",3.0,m,20-24,,3,0.25,0.0,1.0,0.0,3.0,0.0,0.0,9.0,1.0,0.0,0.0,0.0,3.0,0.0,0.0,0.0,0.0,0.0,3.0,0.0,0.0,0.0,0.0,0.0,3.0,0.0,0.0,0.0,0.0,0.0,0.0,3.0,1.0
"fitzpatrick, sex, ageGroup",3.0,m,25-29,,5,0.25,0.25,0.8,0.07,4.0,1.0,1.0,14.0,0.5,0.0,0.0,0.0,5.0,0.0,0.0,0.0,1.0,1.0,0.0,4.0,1.0,0.0,0.0,0.0,5.0,0.0,0.0,1.0,0.0,0.0,4.0,0.0,0.0
"fitzpatrick, sex, ageGroup",3.0,m,40-44,,5,0.1,0.15,0.4,0.2,2.0,3.0,3.0,12.0,0.4,0.0,0.0,0.0,5.0,0.0,0.0,3.0,0.0,0.0,0.0,2.0,0.4,0.0,0.0,0.0,5.0,0.0,0.0,0.0,3.0,0.6,2.0,0.0,0.0
"fitzpatrick, sex, ageGroup",3.0,m,45-49,,2,0.25,0.25,0.5,0.17,1.0,1.0,1.0,5.0,0.5,1.0,0.0,0.0,1.0,0.0,0.0,0.0,1.0,1.0,0.0,1.0,1.0,0.0,0.0,0.0,2.0,0.0,0.0,0.0,0.0,0.0,2.0,0.0,0.0
"fitzpatrick, sex, ageGroup",3.0,m,55-59,,4,0.12,0.12,0.5,0.17,2.0,2.0,2.0,10.0,0.5,0.0,2.0,0.5,2.0,0.0,0.0,2.0,0.0,0.0,0.0,2.0,0.5,0.0,0.0,0.0,4.0,0.0,0.0,0.0,0.0,0.0,4.0,0.0,0.0
"fitzpatrick, sex, ageGroup",4.0,f,00-04,,33,0.37,0.08,0.73,0.09,24.0,9.0,9.0,90.0,0.495,3.0,2.0,0.08,22.0,6.0,0.67,0.0,2.0,0.06,31.0,0.0,0.0,4.0,0.0,0.0,11.0,18.0,0.82,2.0,5.0,0.16,26.0,0.0,0.0
"fitzpatrick, sex, ageGroup",4.0,f,05-09,,12,0.5,0.12,0.5,0.17,6.0,6.0,6.0,30.0,0.667,0.0,0.0,0.0,10.0,2.0,1.0,0.0,6.0,0.5,6.0,0.0,0.0,6.0,0.0,0.0,6.0,0.0,0.0,0.0,0.0,0.0,8.0,4.0,1.0
"fitzpatrick, sex, ageGroup",4.0,f,10-14,,2,0.25,0.0,1.0,0.0,2.0,0.0,0.0,6.0,1.0,0.0,0.0,0.0,0.0,2.0,1.0,0.0,0.0,0.0,2.0,0.0,0.0,0.0,0.0,0.0,2.0,0.0,0.0,0.0,0.0,0.0,2.0,0.0,0.0
"fitzpatrick, sex, ageGroup",4.0,f,15-19,,5,0.38,0.05,0.8,0.07,4.0,1.0,1.0,14.0,0.75,0.0,1.0,0.2,4.0,0.0,0.0,1.0,0.0,0.0,3.0,1.0,0.5,0.0,0.0,0.0,5.0,0.0,0.0,0.0,0.0,0.0,2.0,3.0,1.0
"fitzpatrick, sex, ageGroup",4.0,f,20-24,,12,0.22,0.17,0.42,0.19,5.0,7.0,7.0,29.0,0.438,0.0,3.0,0.25,9.0,0.0,0.0,5.0,0.0,0.0,4.0,3.0,0.38,0.0,2.0,0.17,10.0,0.0,0.0,2.0,2.0,0.25,6.0,2.0,0.5
"fitzpatrick, sex, ageGroup",4.0,f,25-29,,22,0.41,0.09,0.82,0.06,18.0,4.0,4.0,62.0,0.544,1.0,3.0,0.17,15.0,3.0,0.75,1.0,0.0,0.0,21.0,0.0,0.0,0.0,0.0,0.0,22.0,0.0,0.0,2.0,1.0,0.2,4.0,15.0,0.88
"fitzpatrick, sex, ageGroup",4.0,f,30-34,,10,0.75,0.06,0.8,0.07,8.0,2.0,2.0,28.0,0.75,0.0,2.0,0.25,6.0,2.0,1.0,0.0,0.0,0.0,8.0,2.0,1.0,2.0,0.0,0.0,8.0,0.0,0.0,0.0,0.0,0.0,6.0,4.0,1.0
"fitzpatrick, sex, ageGroup",4.0,f,35-39,,5,0.25,0.15,0.4,0.2,2.0,3.0,3.0,12.0,0.5,0.0,3.0,0.6,2.0,0.0,0.0,3.0,0.0,0.0,2.0,0.0,0.0,0.0,0.0,0.0,5.0,0.0,0.0,0.0,0.0,0.0,3.0,2.0,1.0
"fitzpatrick, sex, ageGroup",4.0,f,40-44,,2,0.25,0.0,1.0,0.0,2.0,0.0,0.0,6.0,1.0,0.0,0.0,0.0,2.0,0.0,0.0,0.0,0.0,0.0,2.0,0.0,0.0,0.0,0.0,0.0,2.0,0.0,0.0,0.0,0.0,0.0,0.0,2.0,1.0
"fitzpatrick, sex, ageGroup",4.0,f,50-54,,7,0.14,0.11,0.57,0.14,4.0,3.0,3.0,18.0,0.571,0.0,2.0,0.29,5.0,0.0,0.0,3.0,0.0,0.0,0.0,4.0,0.57,0.0,0.0,0.0,7.0,0.0,0.0,0.0,1.0,0.14,6.0,0.0,0.0
"fitzpatrick, sex, ageGroup",4.0,f,55-59,,8,0.12,0.12,0.5,0.17,4.0,4.0,4.0,20.0,0.5,0.0,2.0,0.25,6.0,0.0,0.0,0.0,2.0,0.25,6.0,0.0,0.0,0.0,0.0,0.0,8.0,0.0,0.0,4.0,0.0,0.0,0.0,4.0,0.5
"fitzpatrick, sex, ageGroup",4.0,f,60-64,,9,0.22,0.06,0.78,0.07,7.0,2.0,2.0,25.0,0.438,0.0,2.0,0.22,7.0,0.0,0.0,1.0,0.0,0.0,1.0,7.0,0.88,0.0,0.0,0.0,9.0,0.0,0.0,1.0,0.0,0.0,8.0,0.0,0.0
"fitzpatrick, sex, ageGroup",4.0,f,65-69,,2,0.25,0.0,1.0,0.0,2.0,0.0,0.0,6.0,1.0,0.0,0.0,0.0,0.0,2.0,1.0,0.0,0.0,0.0,2.0,0.0,0.0,0.0,0.0,0.0,2.0,0.0,0.0,0.0,0.0,0.0,2.0,0.0,0.0
"fitzpatrick, sex, ageGroup",4.0,m,00-04,,23,0.28,0.17,0.48,0.17,11.0,12.0,12.0,57.0,0.381,8.0,1.0,0.11,8.0,6.0,0.43,0.0,3.0,0.13,20.0,0.0,0.0,2.0,3.0,0.14,18.0,0.0,0.0,2.0,5.0,0.31,11.0,5.0,0.71
"fitzpatrick, sex, ageGroup",4.0,m,05-09,,25,0.7,0.09,0.72,0.09,18.0,7.0,7.0,68.0,0.696,5.0,0.0,0.0,18.0,2.0,0.29,0.0,4.0,0.17,19.0,2.0,1.0,0.0,1.0,0.08,12.0,12.0,1.0,2.0,2.0,0.1,19.0,2.0,0.5
"fitzpatrick, sex, ageGroup",4.0,m,10-14,,18,0.36,0.11,0.67,0.11,12.0,6.0,6.0,48.0,0.727,0.0,2.0,0.11,16.0,0.0,0.0,0.0,3.0,0.27,8.0,7.0,1.0,0.0,1.0,0.06,17.0,0.0,0.0,6.0,0.0,0.0,7.0,5.0,0.45
"fitzpatrick, sex, ageGroup",4.0,m,15-19,,3,0.5,0.0,1.0,0.0,3.0,0.0,0.0,9.0,1.0,0.0,0.0,0.0,3.0,0.0,0.0,0.0,0.0,0.0,1.0,2.0,1.0,0.0,0.0,0.0,3.0,0.0,0.0,0.0,0.0,0.0,2.0,1.0,1.0
"fitzpatrick, sex, ageGroup",4.0,m,20-24,,9,0.5,0.0,1.0,0.0,9.0,0.0,0.0,27.0,1.0,0.0,0.0,0.0,9.0,0.0,0.0,0.0,0.0,0.0,8.0,1.0,1.0,0.0,0.0,0.0,9.0,0.0,0.0,0.0,0.0,0.0,1.0,8.0,1.0
"fitzpatrick, sex, ageGroup",4.0,m,25-29,,14,0.53,0.14,0.64,0.12,9.0,5.0,5.0,37.0,0.711,0.0,1.0,0.09,10.0,3.0,1.0,4.0,1.0,0.12,7.0,2.0,0.33,0.0,0.0,0.0,14.0,0.0,0.0,1.0,3.0,0.33,6.0,4.0,0.8
"fitzpatrick, sex, ageGroup",4.0,m,30-34,,19,0.22,0.23,0.68,0.11,13.0,6.0,6.0,51.0,0.433,0.0,2.0,0.11,17.0,0.0,0.0,4.0,1.0,0.07,14.0,0.0,0.0,0.0,0.0,0.0,19.0,0.0,0.0,2.0,3.0,0.75,1.0,13.0,0.87
"fitzpatrick, sex, ageGroup",4.0,m,35-39,,8,0.25,0.16,0.38,0.21,3.0,5.0,5.0,19.0,0.5,0.0,5.0,0.62,3.0,0.0,0.0,5.0,0.0,0.0,3.0,0.0,0.0,0.0,0.0,0.0,8.0,0.0,0.0,0.0,0.0,0.0,5.0,3.0,1.0
"fitzpatrick, sex, ageGroup",4.0,m,40-44,,2,0.0,0.25,0.0,0.33,0.0,2.0,2.0,4.0,0.0,2.0,0.0,0.0,0.0,0.0,0.0,0.0,2.0,1.0,0.0,0.0,0.0,0.0,0.0,0.0,2.0,0.0,0.0,0.0,0.0,0.0,2.0,0.0,0.0
"fitzpatrick, sex, ageGroup",4.0,m,50-54,,4,0.5,0.0,1.0,0.0,4.0,0.0,0.0,12.0,1.0,0.0,0.0,0.0,4.0,0.0,0.0,0.0,0.0,0.0,3.0,1.0,1.0,0.0,0.0,0.0,4.0,0.0,0.0,0.0,0.0,0.0,1.0,3.0,1.0
"fitzpatrick, sex, ageGroup",5.0,f,00-04,,35,0.49,0.09,0.77,0.08,27.0,8.0,8.0,97.0,0.653,2.0,1.0,0.03,31.0,1.0,0.33,2.0,5.0,0.26,14.0,14.0,0.88,4.0,1.0,0.05,18.0,12.0,0.75,0.0,1.0,0.03,34.0,0.0,0.0
"fitzpatrick, sex, ageGroup",5.0,f,05-09,,18,0.25,0.03,0.89,0.04,16.0,2.0,2.0,52.0,0.5,2.0,0.0,0.0,16.0,0.0,0.0,0.0,0.0,0.0,18.0,0.0,0.0,0.0,0.0,0.0,2.0,16.0,1.0,0.0,2.0,0.11,16.0,0.0,0.0
"fitzpatrick, sex, ageGroup",5.0,f,10-14,,22,0.55,0.14,0.68,0.11,15.0,7.0,7.0,59.0,0.741,7.0,0.0,0.0,13.0,2.0,0.22,0.0,0.0,0.0,21.0,1.0,1.0,0.0,3.0,0.14,19.0,0.0,0.0,0.0,4.0,0.4,6.0,12.0,1.0
"fitzpatrick, sex, ageGroup",5.0,f,15-19,,1,0.25,0.0,1.0,0.0,1.0,0.0,0.0,3.0,1.0,0.0,0.0,0.0,0.0,1.0,1.0,0.0,0.0,0.0,1.0,0.0,0.0,0.0,0.0,0.0,1.0,0.0,0.0,0.0,0.0,0.0,1.0,0.0,0.0
"fitzpatrick, sex, ageGroup",5.0,f,20-24,,4,0.5,0.0,1.0,0.0,4.0,0.0,0.0,12.0,1.0,0.0,0.0,0.0,4.0,0.0,0.0,0.0,0.0,0.0,3.0,1.0,1.0,0.0,0.0,0.0,4.0,0.0,0.0,0.0,0.0,0.0,1.0,3.0,1.0
"fitzpatrick, sex, ageGroup",5.0,f,25-29,,7,0.35,0.11,0.57,0.14,4.0,3.0,3.0,18.0,0.7,0.0,0.0,0.0,5.0,2.0,1.0,0.0,1.0,0.14,6.0,0.0,0.0,0.0,2.0,0.29,5.0,0.0,0.0,3.0,0.0,0.0,2.0,2.0,0.4
"fitzpatrick, sex, ageGroup",5.0,f,30-34,,5,0.5,0.0,1.0,0.0,5.0,0.0,0.0,15.0,1.0,0.0,0.0,0.0,5.0,0.0,0.0,0.0,0.0,0.0,3.0,2.0,1.0,0.0,0.0,0.0,5.0,0.0,0.0,0.0,0.0,0.0,2.0,3.0,1.0
"fitzpatrick, sex, ageGroup",5.0,f,40-44,,6,0.19,0.29,0.33,0.22,2.0,4.0,4.0,14.0,0.375,1.0,2.0,0.5,2.0,1.0,0.5,3.0,1.0,0.5,1.0,1.0,0.25,0.0,1.0,0.17,5.0,0.0,0.0,0.0,0.0,0.0,6.0,0.0,0.0
"fitzpatrick, sex, ageGroup",5.0,f,50-54,,4,0.33,0.12,0.5,0.17,2.0,2.0,2.0,10.0,0.667,0.0,2.0,0.5,2.0,0.0,0.0,0.0,0.0,0.0,3.0,1.0,1.0,0.0,0.0,0.0,4.0,0.0,0.0,2.0,0.0,0.0,1.0,1.0,0.33
"fitzpatrick, sex, ageGroup",5.0,f,55-59,,6,0.17,0.08,0.67,0.11,4.0,2.0,2.0,16.0,0.667,2.0,0.0,0.0,0.0,4.0,0.67,0.0,1.0,0.17,5.0,0.0,0.0,0.0,0.0,0.0,6.0,0.0,0.0,0.0,1.0,0.17,5.0,0.0,0.0
"fitzpatrick, sex, ageGroup",5.0,m,00-04,,95,0.75,0.08,0.79,0.07,75.0,20.0,20.0,265.0,0.751,15.0,2.0,0.03,65.0,13.0,0.46,1.0,2.0,0.02,90.0,2.0,0.67,2.0,8.0,0.12,57.0,28.0,0.93,2.0,8.0,0.13,53.0,32.0,0.94
"fitzpatrick, sex, ageGroup",5.0,m,05-09,,73,0.64,0.12,0.62,0.13,45.0,28.0,28.0,191.0,0.634,3.0,1.0,0.01,67.0,2.0,0.4,0.0,1.0,0.02,49.0,23.0,1.0,0.0,24.0,0.42,33.0,16.0,1.0,25.0,2.0,0.05,42.0,4.0,0.14
"fitzpatrick, sex, ageGroup",5.0,m,10-14,,10,0.6,0.09,0.7,0.1,7.0,3.0,3.0,27.0,0.8,0.0,1.0,0.14,6.0,3.0,1.0,0.0,1.0,0.12,7.0,2.0,1.0,0.0,1.0,0.1,9.0,0.0,0.0,3.0,0.0,0.0,5.0,2.0,0.4
"fitzpatrick, sex, ageGroup",5.0,m,15-19,,13,0.22,0.24,0.62,0.13,8.0,5.0,5.0,34.0,0.296,3.0,2.0,0.2,8.0,0.0,0.0,1.0,0.0,0.0,12.0,0.0,0.0,0.0,0.0,0.0,13.0,0.0,0.0,1.0,3.0,0.75,1.0,8.0,0.89
"fitzpatrick, sex, ageGroup",5.0,m,20-24,,9,0.29,0.16,0.44,0.19,4.0,5.0,5.0,22.0,0.583,0.0,3.0,0.33,6.0,0.0,0.0,5.0,0.0,0.0,3.0,1.0,0.17,0.0,0.0,0.0,9.0,0.0,0.0,0.0,2.0,0.33,4.0,3.0,1.0
"fitzpatrick, sex, ageGroup",5.0,m,25-29,,14,0.62,0.03,0.93,0.02,13.0,1.0,1.0,41.0,0.833,1.0,0.0,0.0,12.0,1.0,0.5,0.0,1.0,0.12,7.0,6.0,1.0,0.0,0.0,0.0,14.0,0.0,0.0,0.0,0.0,0.0,8.0,6.0,1.0
"fitzpatrick, sex, ageGroup",5.0,m,30-34,,11,0.21,0.3,0.27,0.24,3.0,8.0,8.0,25.0,0.278,4.0,3.0,0.6,2.0,2.0,0.33,3.0,2.0,0.25,6.0,0.0,0.0,0.0,0.0,0.0,11.0,0.0,0.0,1.0,3.0,0.33,6.0,1.0,0.5
"fitzpatrick, sex, ageGroup",5.0,m,35-39,,6,0.25,0.0,1.0,0.0,6.0,0.0,0.0,18.0,1.0,0.0,0.0,0.0,6.0,0.0,0.0,0.0,0.0,0.0,6.0,0.0,0.0,0.0,0.0,0.0,6.0,0.0,0.0,0.0,0.0,0.0,0.0,6.0,1.0
"fitzpatrick, sex, ageGroup",5.0,m,50-54,,3,0.08,0.16,0.33,0.22,1.0,2.0,2.0,7.0,0.333,0.0,1.0,0.33,2.0,0.0,0.0,0.0,1.0,0.33,2.0,0.0,0.0,0.0,0.0,0.0,3.0,0.0,0.0,2.0,0.0,0.0,0.0,1.0,0.33
"fitzpatrick, sex, ageGroup",6.0,f,00-04,,3,0.12,0.17,0.33,0.22,1.0,2.0,2.0,7.0,0.25,1.0,0.0,0.0,2.0,0.0,0.0,0.0,2.0,0.67,1.0,0.0,0.0,0.0,0.0,0.0,3.0,0.0,0.0,1.0,0.0,0.0,1.0,1.0,0.5
"fitzpatrick, sex, ageGroup",6.0,f,05-09,,6,0.25,0.0,1.0,0.0,6.0,0.0,0.0,18.0,1.0,0.0,0.0,0.0,6.0,0.0,0.0,0.0,0.0,0.0,0.0,6.0,1.0,0.0,0.0,0.0,6.0,0.0,0.0,0.0,0.0,0.0,6.0,0.0,0.0
"fitzpatrick, sex, ageGroup",6.0,f,10-14,,2,0.25,0.25,0.5,0.17,1.0,1.0,1.0,5.0,0.5,0.0,0.0,0.0,2.0,0.0,0.0,0.0,1.0,1.0,0.0,1.0,1.0,0.0,0.0,0.0,2.0,0.0,0.0,1.0,0.0,0.0,1.0,0.0,0.0
"fitzpatrick, sex, ageGroup",6.0,f,15-19,,1,0.0,0.25,0.0,0.33,0.0,1.0,1.0,2.0,0.0,0.0,1.0,1.0,0.0,0.0,0.0,0.0,0.0,0.0,1.0,0.0,0.0,0.0,0.0,0.0,1.0,0.0,0.0,1.0,0.0,0.0,0.0,0.0,0.0
"fitzpatrick, sex, ageGroup",6.0,f,25-29,,6,0.62,0.08,0.83,0.06,5.0,1.0,1.0,17.0,0.833,0.0,0.0,0.0,5.0,1.0,1.0,0.0,1.0,0.33,2.0,3.0,1.0,1.0,0.0,0.0,4.0,1.0,0.5,0.0,0.0,0.0,6.0,0.0,0.0
"fitzpatrick, sex, ageGroup",6.0,f,30-34,,5,0.75,0.06,0.8,0.07,4.0,1.0,1.0,14.0,0.75,1.0,0.0,0.0,4.0,0.0,0.0,0.0,0.0,0.0,4.0,1.0,1.0,0.0,1.0,0.25,3.0,1.0,1.0,0.0,0.0,0.0,3.0,2.0,1.0
"fitzpatrick, sex, ageGroup",6.0,f,35-39,,5,0.62,0.05,0.8,0.07,4.0,1.0,1.0,14.0,0.833,0.0,0.0,0.0,3.0,2.0,1.0,1.0,0.0,0.0,3.0,1.0,0.5,0.0,0.0,0.0,4.0,1.0,1.0,0.0,1.0,0.2,4.0,0.0,0.0
"fitzpatrick, sex, ageGroup",6.0,f,40-44,,1,0.25,0.0,1.0,0.0,1.0,0.0,0.0,3.0,1.0,0.0,0.0,0.0,1.0,0.0,0.0,0.0,0.0,0.0,0.0,1.0,1.0,0.0,0.0,0.0,1.0,0.0,0.0,0.0,0.0,0.0,1.0,0.0,0.0
"fitzpatrick, sex, ageGroup",6.0,f,45-49,,2,0.25,0.25,0.5,0.17,1.0,1.0,1.0,5.0,0.5,1.0,0.0,0.0,1.0,0.0,0.0,0.0,1.0,1.0,0.0,1.0,1.0,0.0,0.0,0.0,2.0,0.0,0.0,0.0,0.0,0.0,2.0,0.0,0.0
"fitzpatrick, sex, ageGroup",6.0,f,60-64,,1,0.25,0.0,1.0,0.0,1.0,0.0,0.0,3.0,1.0,0.0,0.0,0.0,1.0,0.0,0.0,0.0,0.0,0.0,0.0,1.0,1.0,0.0,0.0,0.0,1.0,0.0,0.0,0.0,0.0,0.0,1.0,0.0,0.0
"fitzpatrick, sex, ageGroup",6.0,m,00-04,,11,0.23,0.2,0.45,0.18,5.0,6.0,6.0,27.0,0.467,0.0,3.0,0.27,8.0,0.0,0.0,4.0,1.0,0.2,4.0,2.0,0.33,0.0,0.0,0.0,11.0,0.0,0.0,2.0,2.0,0.33,4.0,3.0,0.6
"fitzpatrick, sex, ageGroup",6.0,m,05-09,,20,0.61,0.09,0.85,0.05,17.0,3.0,3.0,57.0,0.609,1.0,0.0,0.0,18.0,1.0,0.5,1.0,1.0,0.25,3.0,15.0,0.94,0.0,0.0,0.0,19.0,1.0,1.0,1.0,2.0,0.11,17.0,0.0,0.0
"fitzpatrick, sex, ageGroup",6.0,m,10-14,,2,0.5,0.0,1.0,0.0,2.0,0.0,0.0,6.0,1.0,0.0,0.0,0.0,2.0,0.0,0.0,0.0,0.0,0.0,2.0,0.0,0.0,0.0,0.0,0.0,1.0,1.0,1.0,0.0,0.0,0.0,1.0,1.0,1.0
"fitzpatrick, sex, ageGroup",6.0,m,15-19,,2,0.25,0.25,0.5,0.17,1.0,1.0,1.0,5.0,0.5,0.0,1.0,1.0,0.0,1.0,1.0,0.0,0.0,0.0,2.0,0.0,0.0,1.0,0.0,0.0,1.0,0.0,0.0,0.0,0.0,0.0,2.0,0.0,0.0
"fitzpatrick, sex, ageGroup",6.0,m,20-24,,1,0.25,0.0,1.0,0.0,1.0,0.0,0.0,3.0,1.0,0.0,0.0,0.0,1.0,0.0,0.0,0.0,0.0,0.0,1.0,0.0,0.0,0.0,0.0,0.0,1.0,0.0,0.0,0.0,0.0,0.0,0.0,1.0,1.0
"fitzpatrick, sex, ageGroup",6.0,m,25-29,,5,0.25,0.23,0.4,0.2,2.0,3.0,3.0,12.0,0.333,1.0,1.0,0.25,3.0,0.0,0.0,2.0,1.0,0.33,2.0,0.0,0.0,0.0,0.0,0.0,5.0,0.0,0.0,0.0,1.0,0.33,2.0,2.0,1.0
"fitzpatrick, sex, ageGroup",6.0,m,30-34,,2,0.0,0.25,0.0,0.33,0.0,2.0,2.0,4.0,0.0,0.0,1.0,0.5,1.0,0.0,0.0,2.0,0.0,0.0,0.0,0.0,0.0,0.0,1.0,0.5,1.0,0.0,0.0,0.0,0.0,0.0,2.0,0.0,0.0
"fitzpatrick, sex, ageGroup",6.0,m,35-39,,7,0.69,0.08,0.71,0.1,5.0,2.0,2.0,19.0,0.688,0.0,0.0,0.0,6.0,1.0,1.0,1.0,0.0,0.0,3.0,3.0,0.75,1.0,0.0,0.0,6.0,0.0,0.0,0.0,2.0,0.33,4.0,1.0,1.0
"fitzpatrick, sex, ageGroup",6.0,m,40-44,,1,0.25,0.0,1.0,0.0,1.0,0.0,0.0,3.0,1.0,0.0,0.0,0.0,1.0,0.0,0.0,0.0,0.0,0.0,0.0,1.0,1.0,0.0,0.0,0.0,1.0,0.0,0.0,0.0,0.0,0.0,1.0,0.0,0.0
"fitzpatrick, sex, ageGroup",6.0,m,45-49,,4,0.19,0.06,0.75,0.08,3.0,1.0,1.0,11.0,0.75,0.0,0.0,0.0,4.0,0.0,0.0,1.0,0.0,0.0,0.0,3.0,0.75,0.0,1.0,0.25,3.0,0.0,0.0,0.0,0.0,0.0,4.0,0.0,0.0
"fitzpatrick, sex, country",3.0,f,,Madagascar,74,0.57,0.13,0.64,0.12,47.0,27.0,27.0,195.0,0.574,10.0,7.0,0.18,31.0,26.0,0.72,7.0,5.0,0.08,55.0,7.0,0.5,4.0,4.0,0.06,63.0,3.0,0.43,6.0,11.0,0.19,46.0,11.0,0.65
"fitzpatrick, sex, country",3.0,f,,Malawi,82,0.64,0.1,0.71,0.1,58.0,24.0,24.0,222.0,0.639,1.0,10.0,0.14,61.0,10.0,0.91,3.0,3.0,0.04,75.0,1.0,0.25,9.0,7.0,0.13,47.0,19.0,0.68,11.0,4.0,0.09,39.0,28.0,0.72
"fitzpatrick, sex, country",3.0,m,,Guinea,2,0.5,0.0,1.0,0.0,2.0,0.0,0.0,6.0,1.0,0.0,0.0,0.0,1.0,1.0,1.0,0.0,0.0,0.0,1.0,1.0,1.0,0.0,0.0,0.0,2.0,0.0,0.0,0.0,0.0,0.0,2.0,0.0,0.0
"fitzpatrick, sex, country",3.0,m,,Madagascar,45,0.43,0.16,0.58,0.14,26.0,19.0,19.0,116.0,0.43,6.0,8.0,0.3,19.0,12.0,0.67,6.0,6.0,0.2,24.0,9.0,0.6,1.0,0.0,0.0,44.0,0.0,0.0,6.0,5.0,0.15,29.0,5.0,0.45
"fitzpatrick, sex, country",3.0,m,,Malawi,100,0.77,0.08,0.75,0.08,75.0,25.0,25.0,275.0,0.768,11.0,1.0,0.01,73.0,15.0,0.58,4.0,5.0,0.06,76.0,15.0,0.79,10.0,7.0,0.11,59.0,24.0,0.71,0.0,12.0,0.15,67.0,21.0,1.0
"fitzpatrick, sex, country",4.0,f,,Madagascar,97,0.54,0.11,0.69,0.1,67.0,30.0,30.0,261.0,0.534,3.0,20.0,0.25,60.0,14.0,0.82,14.0,3.0,0.05,63.0,17.0,0.55,2.0,2.0,0.02,93.0,0.0,0.0,11.0,5.0,0.1,45.0,36.0,0.77
"fitzpatrick, sex, country",4.0,f,,Malawi,28,0.16,0.09,0.64,0.12,18.0,10.0,10.0,74.0,0.643,0.0,0.0,0.0,28.0,0.0,0.0,0.0,6.0,0.21,22.0,0.0,0.0,10.0,0.0,0.0,0.0,18.0,0.64,0.0,4.0,0.14,24.0,0.0,0.0
"fitzpatrick, sex, country",4.0,f,,Tanzania,4,0.19,0.06,0.75,0.08,3.0,1.0,1.0,11.0,0.75,1.0,0.0,0.0,0.0,3.0,0.75,0.0,1.0,0.25,3.0,0.0,0.0,0.0,0.0,0.0,4.0,0.0,0.0,0.0,0.0,0.0,4.0,0.0,0.0
"fitzpatrick, sex, country",4.0,m,,Madagascar,97,0.4,0.14,0.62,0.13,60.0,37.0,37.0,254.0,0.406,9.0,11.0,0.14,69.0,8.0,0.47,13.0,14.0,0.18,62.0,8.0,0.38,2.0,3.0,0.03,92.0,0.0,0.0,13.0,9.0,0.22,31.0,44.0,0.77
"fitzpatrick, sex, country",4.0,m,,Malawi,28,0.58,0.06,0.79,0.07,22.0,6.0,6.0,78.0,0.778,6.0,0.0,0.0,19.0,3.0,0.33,0.0,0.0,0.0,21.0,7.0,1.0,0.0,2.0,0.12,14.0,12.0,1.0,0.0,4.0,0.14,24.0,0.0,0.0
"fitzpatrick, sex, country",5.0,f,,Madagascar,41,0.48,0.13,0.63,0.12,26.0,15.0,15.0,108.0,0.64,7.0,4.0,0.17,19.0,11.0,0.61,3.0,4.0,0.12,28.0,6.0,0.67,0.0,3.0,0.07,38.0,0.0,0.0,5.0,4.0,0.15,23.0,9.0,0.64
"fitzpatrick, sex, country",5.0,f,,Malawi,67,0.69,0.07,0.81,0.06,54.0,13.0,13.0,188.0,0.688,7.0,1.0,0.02,59.0,0.0,0.0,2.0,4.0,0.08,47.0,14.0,0.88,4.0,4.0,0.11,31.0,28.0,0.88,0.0,4.0,0.07,51.0,12.0,1.0
"fitzpatrick, sex, country",5.0,m,,Madagascar,86,0.6,0.12,0.67,0.11,58.0,28.0,28.0,230.0,0.605,9.0,11.0,0.17,55.0,11.0,0.55,10.0,7.0,0.11,56.0,13.0,0.57,1.0,2.0,0.02,82.0,1.0,0.5,8.0,8.0,0.18,37.0,33.0,0.8
"fitzpatrick, sex, country",5.0,m,,Malawi,133,0.71,0.1,0.74,0.09,98.0,35.0,35.0,364.0,0.712,8.0,2.0,0.02,119.0,4.0,0.33,0.0,0.0,0.0,112.0,21.0,1.0,1.0,28.0,0.31,61.0,43.0,0.98,26.0,5.0,0.06,72.0,30.0,0.54
"fitzpatrick, sex, country",5.0,m,,Tanzania,15,0.1,0.15,0.4,0.2,6.0,9.0,9.0,36.0,0.4,9.0,0.0,0.0,0.0,6.0,0.4,0.0,1.0,0.07,14.0,0.0,0.0,0.0,3.0,0.2,12.0,0.0,0.0,0.0,5.0,0.33,10.0,0.0,0.0
"fitzpatrick, sex, country",6.0,f,,Guinea,30,0.61,0.12,0.73,0.09,22.0,8.0,8.0,82.0,0.609,3.0,1.0,0.04,23.0,3.0,0.5,1.0,5.0,0.36,9.0,15.0,0.94,1.0,1.0,0.04,25.0,3.0,0.75,3.0,1.0,0.04,25.0,1.0,0.25
"fitzpatrick, sex, country",6.0,f,,Madagascar,2,0.25,0.0,1.0,0.0,2.0,0.0,0.0,6.0,1.0,0.0,0.0,0.0,2.0,0.0,0.0,0.0,0.0,0.0,2.0,0.0,0.0,0.0,0.0,0.0,2.0,0.0,0.0,0.0,0.0,0.0,0.0,2.0,1.0
"fitzpatrick, sex, country",6.0,m,,Guinea,54,0.64,0.11,0.69,0.1,37.0,17.0,17.0,145.0,0.633,2.0,6.0,0.12,43.0,3.0,0.6,10.0,3.0,0.15,17.0,24.0,0.71,2.0,2.0,0.04,48.0,2.0,0.5,3.0,6.0,0.14,37.0,8.0,0.73
"fitzpatrick, sex, country",6.0,m,,Madagascar,1,0.0,0.25,0.0,0.33,0.0,1.0,1.0,2.0,0.0,0.0,0.0,0.0,1.0,0.0,0.0,1.0,0.0,0.0,0.0,0.0,0.0,0.0,0.0,0.0,1.0,0.0,0.0,0.0,1.0,1.0,0.0,0.0,0.0
"fitzpatrick, ageGroup, country",3.0,,00-04,Madagascar,33,0.38,0.19,0.61,0.13,20.0,13.0,13.0,86.0,0.381,6.0,5.0,0.5,5.0,17.0,0.74,1.0,6.0,0.19,25.0,1.0,0.5,1.0,2.0,0.06,30.0,0.0,0.0,5.0,0.0,0.0,26.0,2.0,0.29
"fitzpatrick, ageGroup, country",3.0,,00-04,Malawi,128,0.79,0.08,0.77,0.08,99.0,29.0,29.0,355.0,0.787,7.0,6.0,0.06,94.0,21.0,0.75,1.0,6.0,0.05,115.0,6.0,0.86,10.0,9.0,0.1,79.0,30.0,0.75,11.0,8.0,0.11,67.0,42.0,0.79
"fitzpatrick, ageGroup, country",3.0,,05-09,Madagascar,7,0.28,0.2,0.57,0.14,4.0,3.0,3.0,18.0,0.55,2.0,1.0,0.5,1.0,3.0,0.6,0.0,0.0,0.0,7.0,0.0,0.0,1.0,0.0,0.0,5.0,1.0,0.5,0.0,2.0,0.29,5.0,0.0,0.0
"fitzpatrick, ageGroup, country",3.0,,05-09,Malawi,54,0.66,0.12,0.63,0.12,34.0,20.0,20.0,142.0,0.665,5.0,5.0,0.11,40.0,4.0,0.44,6.0,2.0,0.05,36.0,10.0,0.62,9.0,5.0,0.16,27.0,13.0,0.59,0.0,8.0,0.17,39.0,7.0,1.0
"fitzpatrick, ageGroup, country",3.0,,10-14,Guinea,1,0.25,0.0,1.0,0.0,1.0,0.0,0.0,3.0,1.0,0.0,0.0,0.0,0.0,1.0,1.0,0.0,0.0,0.0,1.0,0.0,0.0,0.0,0.0,0.0,1.0,0.0,0.0,0.0,0.0,0.0,1.0,0.0,0.0
"fitzpatrick, ageGroup, country",3.0,,10-14,Madagascar,14,0.59,0.13,0.71,0.1,10.0,4.0,4.0,38.0,0.789,3.0,1.0,0.25,3.0,7.0,0.7,0.0,1.0,0.08,12.0,1.0,1.0,0.0,0.0,0.0,14.0,0.0,0.0,1.0,2.0,0.18,9.0,2.0,0.67
"fitzpatrick, ageGroup, country",3.0,,15-19,Madagascar,1,0.25,0.0,1.0,0.0,1.0,0.0,0.0,3.0,1.0,0.0,0.0,0.0,0.0,1.0,1.0,0.0,0.0,0.0,1.0,0.0,0.0,0.0,0.0,0.0,1.0,0.0,0.0,0.0,0.0,0.0,1.0,0.0,0.0
"fitzpatrick, ageGroup, country",3.0,,20-24,Madagascar,8,0.42,0.1,0.62,0.12,5.0,3.0,3.0,21.0,0.556,1.0,0.0,0.0,7.0,0.0,0.0,0.0,2.0,0.29,5.0,1.0,1.0,0.0,1.0,0.12,7.0,0.0,0.0,2.0,0.0,0.0,2.0,4.0,0.67
"fitzpatrick, ageGroup, country",3.0,,25-29,Madagascar,15,0.62,0.06,0.87,0.04,13.0,2.0,2.0,43.0,0.822,1.0,0.0,0.0,12.0,2.0,0.67,0.0,1.0,0.12,7.0,7.0,1.0,0.0,0.0,0.0,15.0,0.0,0.0,1.0,1.0,0.1,9.0,4.0,0.8
"fitzpatrick, ageGroup, country",3.0,,30-34,Madagascar,3,0.38,0.12,0.67,0.11,2.0,1.0,1.0,8.0,0.75,0.0,0.0,0.0,3.0,0.0,0.0,1.0,0.0,0.0,1.0,1.0,0.5,0.0,0.0,0.0,3.0,0.0,0.0,0.0,1.0,0.5,1.0,1.0,1.0
"fitzpatrick, ageGroup, country",3.0,,35-39,Madagascar,8,0.1,0.19,0.25,0.25,2.0,6.0,6.0,18.0,0.2,0.0,2.0,0.25,6.0,0.0,0.0,3.0,0.0,0.0,5.0,0.0,0.0,3.0,0.0,0.0,3.0,2.0,0.4,0.0,4.0,0.5,4.0,0.0,0.0
"fitzpatrick, ageGroup, country",3.0,,40-44,Madagascar,7,0.07,0.18,0.29,0.24,2.0,5.0,5.0,16.0,0.286,0.0,2.0,0.29,5.0,0.0,0.0,5.0,0.0,0.0,0.0,2.0,0.29,0.0,0.0,0.0,7.0,0.0,0.0,0.0,3.0,0.43,4.0,0.0,0.0
"fitzpatrick, ageGroup, country",3.0,,45-49,Guinea,1,0.25,0.0,1.0,0.0,1.0,0.0,0.0,3.0,1.0,0.0,0.0,0.0,1.0,0.0,0.0,0.0,0.0,0.0,0.0,1.0,1.0,0.0,0.0,0.0,1.0,0.0,0.0,0.0,0.0,0.0,1.0,0.0,0.0
"fitzpatrick, ageGroup, country",3.0,,45-49,Madagascar,5,0.2,0.05,0.8,0.07,4.0,1.0,1.0,14.0,0.8,1.0,0.0,0.0,0.0,4.0,0.8,0.0,1.0,0.2,4.0,0.0,0.0,0.0,0.0,0.0,5.0,0.0,0.0,0.0,0.0,0.0,5.0,0.0,0.0
"fitzpatrick, ageGroup, country",3.0,,50-54,Madagascar,14,0.42,0.18,0.57,0.14,8.0,6.0,6.0,36.0,0.556,2.0,2.0,0.25,6.0,4.0,0.67,1.0,0.0,0.0,12.0,1.0,0.5,0.0,1.0,0.07,13.0,0.0,0.0,3.0,3.0,0.38,5.0,3.0,0.5
"fitzpatrick, ageGroup, country",3.0,,55-59,Madagascar,4,0.12,0.12,0.5,0.17,2.0,2.0,2.0,10.0,0.5,0.0,2.0,0.5,2.0,0.0,0.0,2.0,0.0,0.0,0.0,2.0,0.5,0.0,0.0,0.0,4.0,0.0,0.0,0.0,0.0,0.0,4.0,0.0,0.0
"fitzpatrick, ageGroup, country",4.0,,00-04,Madagascar,21,0.29,0.17,0.52,0.16,11.0,10.0,10.0,53.0,0.385,4.0,3.0,0.27,8.0,6.0,0.6,0.0,4.0,0.19,17.0,0.0,0.0,2.0,1.0,0.05,18.0,0.0,0.0,4.0,2.0,0.17,10.0,5.0,0.56
"fitzpatrick, ageGroup, country",4.0,,00-04,Malawi,31,0.29,0.12,0.68,0.11,21.0,10.0,10.0,83.0,0.576,6.0,0.0,0.0,22.0,3.0,0.33,0.0,0.0,0.0,31.0,0.0,0.0,4.0,2.0,0.22,7.0,18.0,0.82,0.0,8.0,0.26,23.0,0.0,0.0
"fitzpatrick, ageGroup, country",4.0,,00-04,Tanzania,4,0.19,0.06,0.75,0.08,3.0,1.0,1.0,11.0,0.75,1.0,0.0,0.0,0.0,3.0,0.75,0.0,1.0,0.25,3.0,0.0,0.0,0.0,0.0,0.0,4.0,0.0,0.0,0.0,0.0,0.0,4.0,0.0,0.0
"fitzpatrick, ageGroup, country",4.0,,05-09,Madagascar,19,0.55,0.12,0.63,0.12,12.0,7.0,7.0,50.0,0.731,5.0,0.0,0.0,10.0,4.0,0.44,0.0,4.0,0.24,13.0,2.0,1.0,0.0,1.0,0.05,18.0,0.0,0.0,2.0,2.0,0.18,9.0,6.0,0.75
"fitzpatrick, ageGroup, country",4.0,,05-09,Malawi,18,0.17,0.08,0.67,0.11,12.0,6.0,6.0,48.0,0.667,0.0,0.0,0.0,18.0,0.0,0.0,0.0,6.0,0.33,12.0,0.0,0.0,6.0,0.0,0.0,0.0,12.0,0.67,0.0,0.0,0.0,18.0,0.0,0.0
"fitzpatrick, ageGroup, country",4.0,,10-14,Madagascar,13,0.36,0.12,0.54,0.15,7.0,6.0,6.0,33.0,0.727,0.0,2.0,0.18,9.0,2.0,1.0,0.0,3.0,0.23,10.0,0.0,0.0,0.0,1.0,0.08,12.0,0.0,0.0,6.0,0.0,0.0,2.0,5.0,0.45
"fitzpatrick, ageGroup, country",4.0,,10-14,Malawi,7,0.25,0.0,1.0,0.0,7.0,0.0,0.0,21.0,1.0,0.0,0.0,0.0,7.0,0.0,0.0,0.0,0.0,0.0,0.0,7.0,1.0,0.0,0.0,0.0,7.0,0.0,0.0,0.0,0.0,0.0,7.0,0.0,0.0
"fitzpatrick, ageGroup, country",4.0,,15-19,Madagascar,8,0.44,0.03,0.88,0.04,7.0,1.0,1.0,23.0,0.875,0.0,1.0,0.12,7.0,0.0,0.0,1.0,0.0,0.0,4.0,3.0,0.75,0.0,0.0,0.0,8.0,0.0,0.0,0.0,0.0,0.0,4.0,4.0,1.0
"fitzpatrick, ageGroup, country",4.0,,20-24,Madagascar,21,0.32,0.12,0.67,0.11,14.0,7.0,7.0,56.0,0.639,0.0,3.0,0.14,18.0,0.0,0.0,5.0,0.0,0.0,12.0,4.0,0.44,0.0,2.0,0.1,19.0,0.0,0.0,2.0,2.0,0.22,7.0,10.0,0.83
"fitzpatrick, ageGroup, country",4.0,,25-29,Madagascar,36,0.5,0.12,0.75,0.08,27.0,9.0,9.0,99.0,0.669,1.0,4.0,0.14,25.0,6.0,0.86,5.0,1.0,0.03,28.0,2.0,0.29,0.0,0.0,0.0,36.0,0.0,0.0,3.0,4.0,0.29,10.0,19.0,0.86
"fitzpatrick, ageGroup, country",4.0,,30-34,Madagascar,29,0.56,0.12,0.72,0.09,21.0,8.0,8.0,79.0,0.557,0.0,4.0,0.15,23.0,2.0,1.0,4.0,1.0,0.04,22.0,2.0,0.33,2.0,0.0,0.0,27.0,0.0,0.0,2.0,3.0,0.3,7.0,17.0,0.89
"fitzpatrick, ageGroup, country",4.0,,35-39,Madagascar,13,0.25,0.16,0.38,0.21,5.0,8.0,8.0,31.0,0.5,0.0,8.0,0.62,5.0,0.0,0.0,8.0,0.0,0.0,5.0,0.0,0.0,0.0,0.0,0.0,13.0,0.0,0.0,0.0,0.0,0.0,8.0,5.0,1.0
"fitzpatrick, ageGroup, country",4.0,,40-44,Madagascar,4,0.25,0.12,0.5,0.17,2.0,2.0,2.0,10.0,0.5,2.0,0.0,0.0,2.0,0.0,0.0,0.0,2.0,0.5,2.0,0.0,0.0,0.0,0.0,0.0,4.0,0.0,0.0,0.0,0.0,0.0,2.0,2.0,1.0
"fitzpatrick, ageGroup, country",4.0,,50-54,Madagascar,11,0.4,0.08,0.73,0.09,8.0,3.0,3.0,30.0,0.812,0.0,2.0,0.18,9.0,0.0,0.0,3.0,0.0,0.0,3.0,5.0,0.62,0.0,0.0,0.0,11.0,0.0,0.0,0.0,1.0,0.12,7.0,3.0,1.0
"fitzpatrick, ageGroup, country",4.0,,55-59,Madagascar,8,0.12,0.12,0.5,0.17,4.0,4.0,4.0,20.0,0.5,0.0,2.0,0.25,6.0,0.0,0.0,0.0,2.0,0.25,6.0,0.0,0.0,0.0,0.0,0.0,8.0,0.0,0.0,4.0,0.0,0.0,0.0,4.0,0.5
"fitzpatrick, ageGroup, country",4.0,,60-64,Madagascar,9,0.22,0.06,0.78,0.07,7.0,2.0,2.0,25.0,0.438,0.0,2.0,0.22,7.0,0.0,0.0,1.0,0.0,0.0,1.0,7.0,0.88,0.0,0.0,0.0,9.0,0.0,0.0,1.0,0.0,0.0,8.0,0.0,0.0
"fitzpatrick, ageGroup, country",4.0,,65-69,Madagascar,2,0.25,0.0,1.0,0.0,2.0,0.0,0.0,6.0,1.0,0.0,0.0,0.0,0.0,2.0,1.0,0.0,0.0,0.0,2.0,0.0,0.0,0.0,0.0,0.0,2.0,0.0,0.0,0.0,0.0,0.0,2.0,0.0,0.0
"fitzpatrick, ageGroup, country",5.0,,00-04,Madagascar,19,0.65,0.11,0.68,0.11,13.0,6.0,6.0,51.0,0.649,3.0,1.0,0.08,11.0,4.0,0.57,1.0,2.0,0.12,14.0,2.0,0.67,1.0,1.0,0.06,16.0,1.0,0.5,1.0,2.0,0.17,10.0,6.0,0.86
"fitzpatrick, ageGroup, country",5.0,,00-04,Malawi,99,0.76,0.06,0.84,0.05,83.0,16.0,16.0,281.0,0.764,8.0,2.0,0.02,85.0,4.0,0.33,2.0,4.0,0.05,79.0,14.0,0.88,5.0,5.0,0.09,50.0,39.0,0.89,1.0,5.0,0.07,67.0,26.0,0.96
"fitzpatrick, ageGroup, country",5.0,,00-04,Tanzania,12,0.12,0.12,0.5,0.17,6.0,6.0,6.0,30.0,0.5,6.0,0.0,0.0,0.0,6.0,0.5,0.0,1.0,0.08,11.0,0.0,0.0,0.0,3.0,0.25,9.0,0.0,0.0,0.0,2.0,0.17,10.0,0.0,0.0
"fitzpatrick, ageGroup, country",5.0,,05-09,Madagascar,9,0.32,0.15,0.44,0.19,4.0,5.0,5.0,22.0,0.643,5.0,0.0,0.0,2.0,2.0,0.29,0.0,1.0,0.14,6.0,2.0,1.0,0.0,0.0,0.0,9.0,0.0,0.0,0.0,4.0,0.44,5.0,0.0,0.0
"fitzpatrick, ageGroup, country",5.0,,05-09,Malawi,82,0.54,0.12,0.7,0.1,57.0,25.0,25.0,221.0,0.713,0.0,1.0,0.01,81.0,0.0,0.0,0.0,0.0,0.0,61.0,21.0,1.0,0.0,24.0,0.48,26.0,32.0,1.0,25.0,0.0,0.0,53.0,4.0,0.14
"fitzpatrick, ageGroup, country",5.0,,10-14,Madagascar,13,0.6,0.08,0.77,0.08,10.0,3.0,3.0,36.0,0.8,0.0,1.0,0.12,7.0,5.0,1.0,0.0,1.0,0.1,9.0,3.0,1.0,0.0,1.0,0.08,12.0,0.0,0.0,3.0,0.0,0.0,8.0,2.0,0.4
"fitzpatrick, ageGroup, country",5.0,,10-14,Malawi,19,0.25,0.18,0.63,0.12,12.0,7.0,7.0,50.0,0.5,7.0,0.0,0.0,12.0,0.0,0.0,0.0,0.0,0.0,19.0,0.0,0.0,0.0,3.0,0.16,16.0,0.0,0.0,0.0,4.0,0.57,3.0,12.0,1.0
"fitzpatrick, ageGroup, country",5.0,,15-19,Madagascar,11,0.47,0.05,0.82,0.06,9.0,2.0,2.0,31.0,0.63,0.0,2.0,0.2,8.0,1.0,1.0,1.0,0.0,0.0,10.0,0.0,0.0,0.0,0.0,0.0,11.0,0.0,0.0,1.0,0.0,0.0,2.0,8.0,0.89
"fitzpatrick, ageGroup, country",5.0,,15-19,Tanzania,3,0.0,0.25,0.0,0.33,0.0,3.0,3.0,6.0,0.0,3.0,0.0,0.0,0.0,0.0,0.0,0.0,0.0,0.0,3.0,0.0,0.0,0.0,0.0,0.0,3.0,0.0,0.0,0.0,3.0,1.0,0.0,0.0,0.0
"fitzpatrick, ageGroup, country",5.0,,20-24,Madagascar,13,0.32,0.13,0.62,0.13,8.0,5.0,5.0,34.0,0.643,0.0,3.0,0.23,10.0,0.0,0.0,5.0,0.0,0.0,6.0,2.0,0.29,0.0,0.0,0.0,13.0,0.0,0.0,0.0,2.0,0.29,5.0,6.0,1.0
"fitzpatrick, ageGroup, country",5.0,,25-29,Madagascar,21,0.62,0.06,0.81,0.06,17.0,4.0,4.0,59.0,0.826,1.0,0.0,0.0,17.0,3.0,0.75,0.0,2.0,0.13,13.0,6.0,1.0,0.0,2.0,0.1,19.0,0.0,0.0,3.0,0.0,0.0,10.0,8.0,0.73
"fitzpatrick, ageGroup, country",5.0,,30-34,Madagascar,16,0.38,0.19,0.5,0.17,8.0,8.0,8.0,40.0,0.511,4.0,3.0,0.3,7.0,2.0,0.33,3.0,2.0,0.18,9.0,2.0,0.4,0.0,0.0,0.0,16.0,0.0,0.0,1.0,3.0,0.27,8.0,4.0,0.8
"fitzpatrick, ageGroup, country",5.0,,35-39,Madagascar,6,0.25,0.0,1.0,0.0,6.0,0.0,0.0,18.0,1.0,0.0,0.0,0.0,6.0,0.0,0.0,0.0,0.0,0.0,6.0,0.0,0.0,0.0,0.0,0.0,6.0,0.0,0.0,0.0,0.0,0.0,0.0,6.0,1.0
"fitzpatrick, ageGroup, country",5.0,,40-44,Madagascar,6,0.19,0.29,0.33,0.22,2.0,4.0,4.0,14.0,0.375,1.0,2.0,0.5,2.0,1.0,0.5,3.0,1.0,0.5,1.0,1.0,0.25,0.0,1.0,0.17,5.0,0.0,0.0,0.0,0.0,0.0,6.0,0.0,0.0
"fitzpatrick, ageGroup, country",5.0,,50-54,Madagascar,7,0.33,0.15,0.43,0.19,3.0,4.0,4.0,17.0,0.667,0.0,3.0,0.43,4.0,0.0,0.0,0.0,1.0,0.17,5.0,1.0,1.0,0.0,0.0,0.0,7.0,0.0,0.0,4.0,0.0,0.0,1.0,2.0,0.33
"fitzpatrick, ageGroup, country",5.0,,55-59,Madagascar,6,0.17,0.08,0.67,0.11,4.0,2.0,2.0,16.0,0.667,2.0,0.0,0.0,0.0,4.0,0.67,0.0,1.0,0.17,5.0,0.0,0.0,0.0,0.0,0.0,6.0,0.0,0.0,0.0,1.0,0.17,5.0,0.0,0.0
"fitzpatrick, ageGroup, country",6.0,,00-04,Guinea,14,0.22,0.22,0.43,0.19,6.0,8.0,8.0,34.0,0.302,1.0,3.0,0.23,10.0,0.0,0.0,4.0,3.0,0.38,5.0,2.0,0.33,0.0,0.0,0.0,14.0,0.0,0.0,3.0,2.0,0.29,5.0,4.0,0.57
"fitzpatrick, ageGroup, country",6.0,,05-09,Guinea,26,0.61,0.08,0.88,0.04,23.0,3.0,3.0,75.0,0.614,1.0,0.0,0.0,24.0,1.0,0.5,1.0,1.0,0.25,3.0,21.0,0.95,0.0,0.0,0.0,25.0,1.0,1.0,1.0,2.0,0.08,23.0,0.0,0.0
"fitzpatrick, ageGroup, country",6.0,,10-14,Guinea,4,0.62,0.08,0.75,0.08,3.0,1.0,1.0,11.0,0.833,0.0,0.0,0.0,4.0,0.0,0.0,0.0,1.0,0.33,2.0,1.0,1.0,0.0,0.0,0.0,3.0,1.0,1.0,1.0,0.0,0.0,2.0,1.0,0.5
"fitzpatrick, ageGroup, country",6.0,,15-19,Guinea,3,0.25,0.25,0.33,0.22,1.0,2.0,2.0,7.0,0.333,0.0,2.0,1.0,0.0,1.0,1.0,0.0,0.0,0.0,3.0,0.0,0.0,1.0,0.0,0.0,2.0,0.0,0.0,1.0,0.0,0.0,2.0,0.0,0.0
"fitzpatrick, ageGroup, country",6.0,,20-24,Guinea,1,0.25,0.0,1.0,0.0,1.0,0.0,0.0,3.0,1.0,0.0,0.0,0.0,1.0,0.0,0.0,0.0,0.0,0.0,1.0,0.0,0.0,0.0,0.0,0.0,1.0,0.0,0.0,0.0,0.0,0.0,0.0,1.0,1.0
"fitzpatrick, ageGroup, country",6.0,,25-29,Guinea,10,0.69,0.11,0.7,0.1,7.0,3.0,3.0,27.0,0.688,1.0,1.0,0.12,7.0,1.0,0.5,1.0,2.0,0.33,4.0,3.0,0.75,1.0,0.0,0.0,8.0,1.0,0.5,0.0,0.0,0.0,8.0,2.0,1.0
"fitzpatrick, ageGroup, country",6.0,,25-29,Madagascar,1,0.0,0.25,0.0,0.33,0.0,1.0,1.0,2.0,0.0,0.0,0.0,0.0,1.0,0.0,0.0,1.0,0.0,0.0,0.0,0.0,0.0,0.0,0.0,0.0,1.0,0.0,0.0,0.0,1.0,1.0,0.0,0.0,0.0
"fitzpatrick, ageGroup, country",6.0,,30-34,Guinea,5,0.33,0.19,0.4,0.2,2.0,3.0,3.0,12.0,0.444,1.0,1.0,0.25,3.0,0.0,0.0,2.0,0.0,0.0,2.0,1.0,0.33,0.0,2.0,0.5,2.0,1.0,1.0,0.0,0.0,0.0,5.0,0.0,0.0
"fitzpatrick, ageGroup, country",6.0,,30-34,Madagascar,2,0.25,0.0,1.0,0.0,2.0,0.0,0.0,6.0,1.0,0.0,0.0,0.0,2.0,0.0,0.0,0.0,0.0,0.0,2.0,0.0,0.0,0.0,0.0,0.0,2.0,0.0,0.0,0.0,0.0,0.0,0.0,2.0,1.0
"fitzpatrick, ageGroup, country",6.0,,35-39,Guinea,12,0.79,0.07,0.75,0.08,9.0,3.0,3.0,33.0,0.792,0.0,0.0,0.0,9.0,3.0,1.0,2.0,0.0,0.0,6.0,4.0,0.67,1.0,0.0,0.0,10.0,1.0,0.5,0.0,3.0,0.27,8.0,1.0,1.0
"fitzpatrick, ageGroup, country",6.0,,40-44,Guinea,2,0.25,0.0,1.0,0.0,2.0,0.0,0.0,6.0,1.0,0.0,0.0,0.0,2.0,0.0,0.0,0.0,0.0,0.0,0.0,2.0,1.0,0.0,0.0,0.0,2.0,0.0,0.0,0.0,0.0,0.0,2.0,0.0,0.0
"fitzpatrick, ageGroup, country",6.0,,45-49,Guinea,6,0.2,0.29,0.67,0.11,4.0,2.0,2.0,16.0,0.4,1.0,0.0,0.0,5.0,0.0,0.0,1.0,1.0,1.0,0.0,4.0,0.8,0.0,1.0,0.17,5.0,0.0,0.0,0.0,0.0,0.0,6.0,0.0,0.0
"fitzpatrick, ageGroup, country",6.0,,60-64,Guinea,1,0.25,0.0,1.0,0.0,1.0,0.0,0.0,3.0,1.0,0.0,0.0,0.0,1.0,0.0,0.0,0.0,0.0,0.0,0.0,1.0,1.0,0.0,0.0,0.0,1.0,0.0,0.0,0.0,0.0,0.0,1.0,0.0,0.0
"sex, ageGroup, country",,f,00-04,Guinea,3,0.12,0.17,0.33,0.22,1.0,2.0,2.0,7.0,0.25,1.0,0.0,0.0,2.0,0.0,0.0,0.0,2.0,0.67,1.0,0.0,0.0,0.0,0.0,0.0,3.0,0.0,0.0,1.0,0.0,0.0,1.0,1.0,0.5
"sex, ageGroup, country",,f,00-04,Madagascar,24,0.16,0.26,0.54,0.15,13.0,11.0,11.0,61.0,0.31,8.0,2.0,0.67,1.0,13.0,0.62,0.0,5.0,0.21,19.0,0.0,0.0,0.0,2.0,0.08,22.0,0.0,0.0,3.0,2.0,0.1,19.0,0.0,0.0
"sex, ageGroup, country",,f,00-04,Malawi,110,0.83,0.07,0.8,0.07,88.0,22.0,22.0,308.0,0.83,1.0,6.0,0.06,93.0,10.0,0.91,2.0,5.0,0.05,89.0,14.0,0.88,8.0,7.0,0.11,59.0,36.0,0.82,11.0,4.0,0.06,67.0,28.0,0.72
"sex, ageGroup, country",,f,00-04,Tanzania,4,0.19,0.06,0.75,0.08,3.0,1.0,1.0,11.0,0.75,1.0,0.0,0.0,0.0,3.0,0.75,0.0,1.0,0.25,3.0,0.0,0.0,0.0,0.0,0.0,4.0,0.0,0.0,0.0,0.0,0.0,4.0,0.0,0.0
"sex, ageGroup, country",,f,05-09,Guinea,6,0.25,0.0,1.0,0.0,6.0,0.0,0.0,18.0,1.0,0.0,0.0,0.0,6.0,0.0,0.0,0.0,0.0,0.0,0.0,6.0,1.0,0.0,0.0,0.0,6.0,0.0,0.0,0.0,0.0,0.0,6.0,0.0,0.0
"sex, ageGroup, country",,f,05-09,Madagascar,14,0.5,0.14,0.64,0.12,9.0,5.0,5.0,37.0,0.667,4.0,1.0,0.17,5.0,4.0,0.5,0.0,0.0,0.0,14.0,0.0,0.0,1.0,0.0,0.0,12.0,1.0,0.5,0.0,4.0,0.4,6.0,4.0,1.0
"sex, ageGroup, country",,f,05-09,Malawi,48,0.23,0.15,0.62,0.12,30.0,18.0,18.0,126.0,0.455,0.0,5.0,0.1,43.0,0.0,0.0,3.0,8.0,0.18,36.0,1.0,0.25,15.0,1.0,0.25,3.0,29.0,0.66,0.0,4.0,0.08,44.0,0.0,0.0
"sex, ageGroup, country",,f,10-14,Guinea,2,0.25,0.25,0.5,0.17,1.0,1.0,1.0,5.0,0.5,0.0,0.0,0.0,2.0,0.0,0.0,0.0,1.0,1.0,0.0,1.0,1.0,0.0,0.0,0.0,2.0,0.0,0.0,1.0,0.0,0.0,1.0,0.0,0.0
"sex, ageGroup, country",,f,10-14,Madagascar,12,0.75,0.0,1.0,0.0,12.0,0.0,0.0,36.0,1.0,0.0,0.0,0.0,4.0,8.0,1.0,0.0,0.0,0.0,10.0,2.0,1.0,0.0,0.0,0.0,12.0,0.0,0.0,0.0,0.0,0.0,10.0,2.0,1.0
"sex, ageGroup, country",,f,10-14,Malawi,19,0.25,0.18,0.63,0.12,12.0,7.0,7.0,50.0,0.5,7.0,0.0,0.0,12.0,0.0,0.0,0.0,0.0,0.0,19.0,0.0,0.0,0.0,3.0,0.16,16.0,0.0,0.0,0.0,4.0,0.57,3.0,12.0,1.0
"sex, ageGroup, country",,f,15-19,Guinea,1,0.0,0.25,0.0,0.33,0.0,1.0,1.0,2.0,0.0,0.0,1.0,1.0,0.0,0.0,0.0,0.0,0.0,0.0,1.0,0.0,0.0,0.0,0.0,0.0,1.0,0.0,0.0,1.0,0.0,0.0,0.0,0.0,0.0
"sex, ageGroup, country",,f,15-19,Madagascar,7,0.62,0.05,0.86,0.05,6.0,1.0,1.0,20.0,0.833,0.0,1.0,0.2,4.0,2.0,1.0,1.0,0.0,0.0,5.0,1.0,0.5,0.0,0.0,0.0,7.0,0.0,0.0,0.0,0.0,0.0,4.0,3.0,1.0
"sex, ageGroup, country",,f,20-24,Madagascar,21,0.28,0.16,0.52,0.16,11.0,10.0,10.0,53.0,0.367,1.0,3.0,0.15,17.0,0.0,0.0,5.0,2.0,0.18,9.0,5.0,0.5,0.0,3.0,0.14,18.0,0.0,0.0,4.0,2.0,0.18,9.0,6.0,0.6
"sex, ageGroup, country",,f,25-29,Guinea,6,0.62,0.08,0.83,0.06,5.0,1.0,1.0,17.0,0.833,0.0,0.0,0.0,5.0,1.0,1.0,0.0,1.0,0.33,2.0,3.0,1.0,1.0,0.0,0.0,4.0,1.0,0.5,0.0,0.0,0.0,6.0,0.0,0.0
"sex, ageGroup, country",,f,25-29,Madagascar,39,0.58,0.08,0.79,0.07,31.0,8.0,8.0,109.0,0.778,2.0,3.0,0.1,27.0,7.0,0.78,1.0,1.0,0.03,34.0,3.0,0.75,0.0,2.0,0.05,37.0,0.0,0.0,5.0,2.0,0.15,11.0,21.0,0.81
"sex, ageGroup, country",,f,30-34,Guinea,3,0.5,0.12,0.67,0.11,2.0,1.0,1.0,8.0,0.667,1.0,0.0,0.0,2.0,0.0,0.0,0.0,0.0,0.0,2.0,1.0,1.0,0.0,1.0,0.5,1.0,1.0,1.0,0.0,0.0,0.0,3.0,0.0,0.0
"sex, ageGroup, country",,f,30-34,Madagascar,20,0.71,0.05,0.85,0.05,17.0,3.0,3.0,57.0,0.708,0.0,2.0,0.11,16.0,2.0,1.0,1.0,0.0,0.0,14.0,5.0,0.83,2.0,0.0,0.0,18.0,0.0,0.0,0.0,1.0,0.1,9.0,10.0,1.0
"sex, ageGroup, country",,f,35-39,Guinea,5,0.62,0.05,0.8,0.07,4.0,1.0,1.0,14.0,0.833,0.0,0.0,0.0,3.0,2.0,1.0,1.0,0.0,0.0,3.0,1.0,0.5,0.0,0.0,0.0,4.0,1.0,1.0,0.0,1.0,0.2,4.0,0.0,0.0
"sex, ageGroup, country",,f,35-39,Madagascar,13,0.35,0.18,0.31,0.23,4.0,9.0,9.0,30.0,0.467,0.0,5.0,0.38,8.0,0.0,0.0,6.0,0.0,0.0,7.0,0.0,0.0,3.0,0.0,0.0,8.0,2.0,0.4,0.0,4.0,0.36,7.0,2.0,1.0
"sex, ageGroup, country",,f,40-44,Guinea,1,0.25,0.0,1.0,0.0,1.0,0.0,0.0,3.0,1.0,0.0,0.0,0.0,1.0,0.0,0.0,0.0,0.0,0.0,0.0,1.0,1.0,0.0,0.0,0.0,1.0,0.0,0.0,0.0,0.0,0.0,1.0,0.0,0.0
"sex, ageGroup, country",,f,40-44,Madagascar,10,0.42,0.21,0.4,0.2,4.0,6.0,6.0,24.0,0.556,1.0,4.0,0.5,4.0,1.0,0.5,5.0,1.0,0.25,3.0,1.0,0.17,0.0,1.0,0.1,9.0,0.0,0.0,0.0,0.0,0.0,8.0,2.0,1.0
"sex, ageGroup, country",,f,45-49,Guinea,2,0.25,0.25,0.5,0.17,1.0,1.0,1.0,5.0,0.5,1.0,0.0,0.0,1.0,0.0,0.0,0.0,1.0,1.0,0.0,1.0,1.0,0.0,0.0,0.0,2.0,0.0,0.0,0.0,0.0,0.0,2.0,0.0,0.0
"sex, ageGroup, country",,f,45-49,Madagascar,4,0.25,0.0,1.0,0.0,4.0,0.0,0.0,12.0,1.0,0.0,0.0,0.0,0.0,4.0,1.0,0.0,0.0,0.0,4.0,0.0,0.0,0.0,0.0,0.0,4.0,0.0,0.0,0.0,0.0,0.0,4.0,0.0,0.0
"sex, ageGroup, country",,f,50-54,Madagascar,25,0.43,0.15,0.56,0.15,14.0,11.0,11.0,64.0,0.57,2.0,6.0,0.32,13.0,4.0,0.67,4.0,0.0,0.0,15.0,6.0,0.6,0.0,1.0,0.04,24.0,0.0,0.0,5.0,4.0,0.25,12.0,4.0,0.44
"sex, ageGroup, country",,f,55-59,Madagascar,14,0.29,0.16,0.57,0.14,8.0,6.0,6.0,36.0,0.583,2.0,2.0,0.25,6.0,4.0,0.67,0.0,3.0,0.21,11.0,0.0,0.0,0.0,0.0,0.0,14.0,0.0,0.0,4.0,1.0,0.17,5.0,4.0,0.5
"sex, ageGroup, country",,f,60-64,Guinea,1,0.25,0.0,1.0,0.0,1.0,0.0,0.0,3.0,1.0,0.0,0.0,0.0,1.0,0.0,0.0,0.0,0.0,0.0,0.0,1.0,1.0,0.0,0.0,0.0,1.0,0.0,0.0,0.0,0.0,0.0,1.0,0.0,0.0
"sex, ageGroup, country",,f,60-64,Madagascar,9,0.22,0.06,0.78,0.07,7.0,2.0,2.0,25.0,0.438,0.0,2.0,0.22,7.0,0.0,0.0,1.0,0.0,0.0,1.0,7.0,0.88,0.0,0.0,0.0,9.0,0.0,0.0,1.0,0.0,0.0,8.0,0.0,0.0
"sex, ageGroup, country",,f,65-69,Madagascar,2,0.25,0.0,1.0,0.0,2.0,0.0,0.0,6.0,1.0,0.0,0.0,0.0,0.0,2.0,1.0,0.0,0.0,0.0,2.0,0.0,0.0,0.0,0.0,0.0,2.0,0.0,0.0,0.0,0.0,0.0,2.0,0.0,0.0
"sex, ageGroup, country",,m,00-04,Guinea,11,0.23,0.2,0.45,0.18,5.0,6.0,6.0,27.0,0.467,0.0,3.0,0.27,8.0,0.0,0.0,4.0,1.0,0.2,4.0,2.0,0.33,0.0,0.0,0.0,11.0,0.0,0.0,2.0,2.0,0.33,4.0,3.0,0.6
"sex, ageGroup, country",,m,00-04,Madagascar,49,0.55,0.13,0.63,0.12,31.0,18.0,18.0,129.0,0.547,5.0,7.0,0.23,23.0,14.0,0.74,2.0,7.0,0.16,37.0,3.0,0.6,4.0,2.0,0.05,42.0,1.0,0.2,7.0,2.0,0.07,27.0,13.0,0.65
"sex, ageGroup, country",,m,00-04,Malawi,148,0.78,0.08,0.78,0.07,115.0,33.0,33.0,411.0,0.782,20.0,2.0,0.02,108.0,18.0,0.47,1.0,5.0,0.04,136.0,6.0,0.86,11.0,9.0,0.1,77.0,51.0,0.82,1.0,17.0,0.16,90.0,40.0,0.98
"sex, ageGroup, country",,m,00-04,Tanzania,12,0.12,0.12,0.5,0.17,6.0,6.0,6.0,30.0,0.5,6.0,0.0,0.0,0.0,6.0,0.5,0.0,1.0,0.08,11.0,0.0,0.0,0.0,3.0,0.25,9.0,0.0,0.0,0.0,2.0,0.17,10.0,0.0,0.0
"sex, ageGroup, country",,m,05-09,Guinea,20,0.61,0.09,0.85,0.05,17.0,3.0,3.0,57.0,0.609,1.0,0.0,0.0,18.0,1.0,0.5,1.0,1.0,0.25,3.0,15.0,0.94,0.0,0.0,0.0,19.0,1.0,1.0,1.0,2.0,0.11,17.0,0.0,0.0
"sex, ageGroup, country",,m,05-09,Madagascar,21,0.47,0.14,0.52,0.16,11.0,10.0,10.0,53.0,0.628,8.0,0.0,0.0,8.0,5.0,0.38,0.0,5.0,0.29,12.0,4.0,1.0,0.0,1.0,0.05,20.0,0.0,0.0,2.0,4.0,0.24,13.0,2.0,0.5
"sex, ageGroup, country",,m,05-09,Malawi,106,0.66,0.11,0.69,0.1,73.0,33.0,33.0,285.0,0.665,5.0,1.0,0.01,96.0,4.0,0.44,3.0,0.0,0.0,73.0,30.0,0.91,0.0,28.0,0.36,50.0,28.0,1.0,25.0,4.0,0.06,66.0,11.0,0.31
"sex, ageGroup, country",,m,10-14,Guinea,3,0.75,0.0,1.0,0.0,3.0,0.0,0.0,9.0,1.0,0.0,0.0,0.0,2.0,1.0,1.0,0.0,0.0,0.0,3.0,0.0,0.0,0.0,0.0,0.0,2.0,1.0,1.0,0.0,0.0,0.0,2.0,1.0,1.0
"sex, ageGroup, country",,m,10-14,Madagascar,28,0.52,0.16,0.54,0.15,15.0,13.0,13.0,71.0,0.693,3.0,4.0,0.21,15.0,6.0,0.67,0.0,5.0,0.19,21.0,2.0,1.0,0.0,2.0,0.07,26.0,0.0,0.0,10.0,2.0,0.18,9.0,7.0,0.41
"sex, ageGroup, country",,m,10-14,Malawi,7,0.25,0.0,1.0,0.0,7.0,0.0,0.0,21.0,1.0,0.0,0.0,0.0,7.0,0.0,0.0,0.0,0.0,0.0,0.0,7.0,1.0,0.0,0.0,0.0,7.0,0.0,0.0,0.0,0.0,0.0,7.0,0.0,0.0
"sex, ageGroup, country",,m,15-19,Guinea,2,0.25,0.25,0.5,0.17,1.0,1.0,1.0,5.0,0.5,0.0,1.0,1.0,0.0,1.0,1.0,0.0,0.0,0.0,2.0,0.0,0.0,1.0,0.0,0.0,1.0,0.0,0.0,0.0,0.0,0.0,2.0,0.0,0.0
"sex, ageGroup, country",,m,15-19,Madagascar,13,0.39,0.04,0.85,0.05,11.0,2.0,2.0,37.0,0.783,0.0,2.0,0.15,11.0,0.0,0.0,1.0,0.0,0.0,10.0,2.0,0.67,0.0,0.0,0.0,13.0,0.0,0.0,1.0,0.0,0.0,3.0,9.0,0.9
"sex, ageGroup, country",,m,15-19,Tanzania,3,0.0,0.25,0.0,0.33,0.0,3.0,3.0,6.0,0.0,3.0,0.0,0.0,0.0,0.0,0.0,0.0,0.0,0.0,3.0,0.0,0.0,0.0,0.0,0.0,3.0,0.0,0.0,0.0,3.0,1.0,0.0,0.0,0.0
"sex, ageGroup, country",,m,20-24,Guinea,1,0.25,0.0,1.0,0.0,1.0,0.0,0.0,3.0,1.0,0.0,0.0,0.0,1.0,0.0,0.0,0.0,0.0,0.0,1.0,0.0,0.0,0.0,0.0,0.0,1.0,0.0,0.0,0.0,0.0,0.0,0.0,1.0,1.0
"sex, ageGroup, country",,m,20-24,Madagascar,21,0.32,0.11,0.76,0.08,16.0,5.0,5.0,58.0,0.643,0.0,3.0,0.14,18.0,0.0,0.0,5.0,0.0,0.0,14.0,2.0,0.29,0.0,0.0,0.0,21.0,0.0,0.0,0.0,2.0,0.29,5.0,14.0,1.0
"sex, ageGroup, country",,m,25-29,Guinea,4,0.25,0.16,0.5,0.17,2.0,2.0,2.0,10.0,0.333,1.0,1.0,0.33,2.0,0.0,0.0,1.0,1.0,0.33,2.0,0.0,0.0,0.0,0.0,0.0,4.0,0.0,0.0,0.0,0.0,0.0,2.0,2.0,1.0
"sex, ageGroup, country",,m,25-29,Madagascar,34,0.58,0.1,0.76,0.08,26.0,8.0,8.0,94.0,0.78,1.0,1.0,0.03,28.0,4.0,0.8,5.0,3.0,0.18,14.0,12.0,0.71,0.0,0.0,0.0,34.0,0.0,0.0,2.0,4.0,0.18,18.0,10.0,0.83
"sex, ageGroup, country",,m,30-34,Guinea,2,0.0,0.25,0.0,0.33,0.0,2.0,2.0,4.0,0.0,0.0,1.0,0.5,1.0,0.0,0.0,2.0,0.0,0.0,0.0,0.0,0.0,0.0,1.0,0.5,1.0,0.0,0.0,0.0,0.0,0.0,2.0,0.0,0.0
"sex, ageGroup, country",,m,30-34,Madagascar,30,0.29,0.2,0.53,0.16,16.0,14.0,14.0,76.0,0.386,4.0,5.0,0.21,19.0,2.0,0.33,7.0,3.0,0.13,20.0,0.0,0.0,0.0,0.0,0.0,30.0,0.0,0.0,3.0,6.0,0.46,7.0,14.0,0.82
"sex, ageGroup, country",,m,35-39,Guinea,7,0.69,0.08,0.71,0.1,5.0,2.0,2.0,19.0,0.688,0.0,0.0,0.0,6.0,1.0,1.0,1.0,0.0,0.0,3.0,3.0,0.75,1.0,0.0,0.0,6.0,0.0,0.0,0.0,2.0,0.33,4.0,1.0,1.0
"sex, ageGroup, country",,m,35-39,Madagascar,14,0.25,0.09,0.64,0.12,9.0,5.0,5.0,37.0,0.5,0.0,5.0,0.36,9.0,0.0,0.0,5.0,0.0,0.0,9.0,0.0,0.0,0.0,0.0,0.0,14.0,0.0,0.0,0.0,0.0,0.0,5.0,9.0,1.0
"sex, ageGroup, country",,m,40-44,Guinea,1,0.25,0.0,1.0,0.0,1.0,0.0,0.0,3.0,1.0,0.0,0.0,0.0,1.0,0.0,0.0,0.0,0.0,0.0,0.0,1.0,1.0,0.0,0.0,0.0,1.0,0.0,0.0,0.0,0.0,0.0,1.0,0.0,0.0
"sex, ageGroup, country",,m,40-44,Madagascar,7,0.1,0.36,0.29,0.24,2.0,5.0,5.0,16.0,0.2,2.0,0.0,0.0,5.0,0.0,0.0,3.0,2.0,1.0,0.0,2.0,0.4,0.0,0.0,0.0,7.0,0.0,0.0,0.0,3.0,0.43,4.0,0.0,0.0
"sex, ageGroup, country",,m,45-49,Guinea,5,0.2,0.05,0.8,0.07,4.0,1.0,1.0,14.0,0.8,0.0,0.0,0.0,5.0,0.0,0.0,1.0,0.0,0.0,0.0,4.0,0.8,0.0,1.0,0.2,4.0,0.0,0.0,0.0,0.0,0.0,5.0,0.0,0.0
"sex, ageGroup, country",,m,45-49,Madagascar,1,0.0,0.25,0.0,0.33,0.0,1.0,1.0,2.0,0.0,1.0,0.0,0.0,0.0,0.0,0.0,0.0,1.0,1.0,0.0,0.0,0.0,0.0,0.0,0.0,1.0,0.0,0.0,0.0,0.0,0.0,1.0,0.0,0.0
"sex, ageGroup, country",,m,50-54,Madagascar,7,0.42,0.08,0.71,0.1,5.0,2.0,2.0,19.0,0.833,0.0,1.0,0.14,6.0,0.0,0.0,0.0,1.0,0.17,5.0,1.0,1.0,0.0,0.0,0.0,7.0,0.0,0.0,2.0,0.0,0.0,1.0,4.0,0.67
"sex, ageGroup, country",,m,55-59,Madagascar,4,0.12,0.12,0.5,0.17,2.0,2.0,2.0,10.0,0.5,0.0,2.0,0.5,2.0,0.0,0.0,2.0,0.0,0.0,0.0,2.0,0.5,0.0,0.0,0.0,4.0,0.0,0.0,0.0,0.0,0.0,4.0,0.0,0.0
"fitzpatrick, sex, ageGroup, country",3.0,f,00-04,Madagascar,14,0.17,0.09,0.64,0.12,9.0,5.0,5.0,37.0,0.346,4.0,0.0,0.0,1.0,9.0,0.69,0.0,3.0,0.21,11.0,0.0,0.0,0.0,2.0,0.14,12.0,0.0,0.0,1.0,0.0,0.0,13.0,0.0,0.0
"fitzpatrick, sex, ageGroup, country",3.0,f,00-04,Malawi,56,0.66,0.06,0.79,0.07,44.0,12.0,12.0,156.0,0.876,1.0,5.0,0.11,40.0,10.0,0.91,0.0,1.0,0.02,55.0,0.0,0.0,0.0,6.0,0.12,44.0,6.0,1.0,11.0,0.0,0.0,17.0,28.0,0.72
"fitzpatrick, sex, ageGroup, country",3.0,f,05-09,Madagascar,6,0.25,0.21,0.5,0.17,3.0,3.0,3.0,15.0,0.5,2.0,1.0,0.5,1.0,2.0,0.5,0.0,0.0,0.0,6.0,0.0,0.0,1.0,0.0,0.0,4.0,1.0,0.5,0.0,2.0,0.33,4.0,0.0,0.0
"fitzpatrick, sex, ageGroup, country",3.0,f,05-09,Malawi,26,0.21,0.17,0.54,0.15,14.0,12.0,12.0,66.0,0.42,0.0,5.0,0.19,21.0,0.0,0.0,3.0,2.0,0.09,20.0,1.0,0.25,9.0,1.0,0.25,3.0,13.0,0.59,0.0,4.0,0.15,22.0,0.0,0.0
"fitzpatrick, sex, ageGroup, country",3.0,f,10-14,Madagascar,7,0.75,0.0,1.0,0.0,7.0,0.0,0.0,21.0,1.0,0.0,0.0,0.0,3.0,4.0,1.0,0.0,0.0,0.0,6.0,1.0,1.0,0.0,0.0,0.0,7.0,0.0,0.0,0.0,0.0,0.0,5.0,2.0,1.0
"fitzpatrick, sex, ageGroup, country",3.0,f,15-19,Madagascar,1,0.25,0.0,1.0,0.0,1.0,0.0,0.0,3.0,1.0,0.0,0.0,0.0,0.0,1.0,1.0,0.0,0.0,0.0,1.0,0.0,0.0,0.0,0.0,0.0,1.0,0.0,0.0,0.0,0.0,0.0,1.0,0.0,0.0
"fitzpatrick, sex, ageGroup, country",3.0,f,20-24,Madagascar,5,0.33,0.18,0.4,0.2,2.0,3.0,3.0,12.0,0.444,1.0,0.0,0.0,4.0,0.0,0.0,0.0,2.0,0.5,2.0,1.0,1.0,0.0,1.0,0.2,4.0,0.0,0.0,2.0,0.0,0.0,2.0,1.0,0.33
"fitzpatrick, sex, ageGroup, country",3.0,f,25-29,Madagascar,10,0.67,0.04,0.9,0.03,9.0,1.0,1.0,29.0,0.889,1.0,0.0,0.0,7.0,2.0,0.67,0.0,0.0,0.0,7.0,3.0,1.0,0.0,0.0,0.0,10.0,0.0,0.0,0.0,1.0,0.17,5.0,4.0,1.0
"fitzpatrick, sex, ageGroup, country",3.0,f,30-34,Madagascar,3,0.38,0.12,0.67,0.11,2.0,1.0,1.0,8.0,0.75,0.0,0.0,0.0,3.0,0.0,0.0,1.0,0.0,0.0,1.0,1.0,0.5,0.0,0.0,0.0,3.0,0.0,0.0,0.0,1.0,0.5,1.0,1.0,1.0
"fitzpatrick, sex, ageGroup, country",3.0,f,35-39,Madagascar,8,0.1,0.19,0.25,0.25,2.0,6.0,6.0,18.0,0.2,0.0,2.0,0.25,6.0,0.0,0.0,3.0,0.0,0.0,5.0,0.0,0.0,3.0,0.0,0.0,3.0,2.0,0.4,0.0,4.0,0.5,4.0,0.0,0.0
"fitzpatrick, sex, ageGroup, country",3.0,f,40-44,Madagascar,2,0.0,0.25,0.0,0.33,0.0,2.0,2.0,4.0,0.0,0.0,2.0,1.0,0.0,0.0,0.0,2.0,0.0,0.0,0.0,0.0,0.0,0.0,0.0,0.0,2.0,0.0,0.0,0.0,0.0,0.0,2.0,0.0,0.0
"fitzpatrick, sex, ageGroup, country",3.0,f,45-49,Madagascar,4,0.25,0.0,1.0,0.0,4.0,0.0,0.0,12.0,1.0,0.0,0.0,0.0,0.0,4.0,1.0,0.0,0.0,0.0,4.0,0.0,0.0,0.0,0.0,0.0,4.0,0.0,0.0,0.0,0.0,0.0,4.0,0.0,0.0
"fitzpatrick, sex, ageGroup, country",3.0,f,50-54,Madagascar,14,0.42,0.18,0.57,0.14,8.0,6.0,6.0,36.0,0.556,2.0,2.0,0.25,6.0,4.0,0.67,1.0,0.0,0.0,12.0,1.0,0.5,0.0,1.0,0.07,13.0,0.0,0.0,3.0,3.0,0.38,5.0,3.0,0.5
"fitzpatrick, sex, ageGroup, country",3.0,m,00-04,Madagascar,19,0.41,0.18,0.58,0.14,11.0,8.0,8.0,49.0,0.408,2.0,5.0,0.56,4.0,8.0,0.8,1.0,3.0,0.18,14.0,1.0,0.5,1.0,0.0,0.0,18.0,0.0,0.0,4.0,0.0,0.0,13.0,2.0,0.33
"fitzpatrick, sex, ageGroup, country",3.0,m,00-04,Malawi,72,0.8,0.08,0.76,0.08,55.0,17.0,17.0,199.0,0.803,6.0,1.0,0.02,54.0,11.0,0.65,1.0,5.0,0.08,60.0,6.0,0.86,10.0,3.0,0.08,35.0,24.0,0.71,0.0,8.0,0.14,50.0,14.0,1.0
"fitzpatrick, sex, ageGroup, country",3.0,m,05-09,Madagascar,1,0.25,0.0,1.0,0.0,1.0,0.0,0.0,3.0,1.0,0.0,0.0,0.0,0.0,1.0,1.0,0.0,0.0,0.0,1.0,0.0,0.0,0.0,0.0,0.0,1.0,0.0,0.0,0.0,0.0,0.0,1.0,0.0,0.0
"fitzpatrick, sex, ageGroup, country",3.0,m,05-09,Malawi,28,0.55,0.08,0.71,0.1,20.0,8.0,8.0,76.0,0.731,5.0,0.0,0.0,19.0,4.0,0.44,3.0,0.0,0.0,16.0,9.0,0.75,0.0,4.0,0.14,24.0,0.0,0.0,0.0,4.0,0.19,17.0,7.0,1.0
"fitzpatrick, sex, ageGroup, country",3.0,m,10-14,Guinea,1,0.25,0.0,1.0,0.0,1.0,0.0,0.0,3.0,1.0,0.0,0.0,0.0,0.0,1.0,1.0,0.0,0.0,0.0,1.0,0.0,0.0,0.0,0.0,0.0,1.0,0.0,0.0,0.0,0.0,0.0,1.0,0.0,0.0
"fitzpatrick, sex, ageGroup, country",3.0,m,10-14,Madagascar,7,0.12,0.37,0.43,0.19,3.0,4.0,4.0,17.0,0.25,3.0,1.0,1.0,0.0,3.0,0.5,0.0,1.0,0.14,6.0,0.0,0.0,0.0,0.0,0.0,7.0,0.0,0.0,1.0,2.0,0.33,4.0,0.0,0.0
"fitzpatrick, sex, ageGroup, country",3.0,m,20-24,Madagascar,3,0.25,0.0,1.0,0.0,3.0,0.0,0.0,9.0,1.0,0.0,0.0,0.0,3.0,0.0,0.0,0.0,0.0,0.0,3.0,0.0,0.0,0.0,0.0,0.0,3.0,0.0,0.0,0.0,0.0,0.0,0.0,3.0,1.0
"fitzpatrick, sex, ageGroup, country",3.0,m,25-29,Madagascar,5,0.25,0.25,0.8,0.07,4.0,1.0,1.0,14.0,0.5,0.0,0.0,0.0,5.0,0.0,0.0,0.0,1.0,1.0,0.0,4.0,1.0,0.0,0.0,0.0,5.0,0.0,0.0,1.0,0.0,0.0,4.0,0.0,0.0
"fitzpatrick, sex, ageGroup, country",3.0,m,40-44,Madagascar,5,0.1,0.15,0.4,0.2,2.0,3.0,3.0,12.0,0.4,0.0,0.0,0.0,5.0,0.0,0.0,3.0,0.0,0.0,0.0,2.0,0.4,0.0,0.0,0.0,5.0,0.0,0.0,0.0,3.0,0.6,2.0,0.0,0.0
"fitzpatrick, sex, ageGroup, country",3.0,m,45-49,Guinea,1,0.25,0.0,1.0,0.0,1.0,0.0,0.0,3.0,1.0,0.0,0.0,0.0,1.0,0.0,0.0,0.0,0.0,0.0,0.0,1.0,1.0,0.0,0.0,0.0,1.0,0.0,0.0,0.0,0.0,0.0,1.0,0.0,0.0
"fitzpatrick, sex, ageGroup, country",3.0,m,45-49,Madagascar,1,0.0,0.25,0.0,0.33,0.0,1.0,1.0,2.0,0.0,1.0,0.0,0.0,0.0,0.0,0.0,0.0,1.0,1.0,0.0,0.0,0.0,0.0,0.0,0.0,1.0,0.0,0.0,0.0,0.0,0.0,1.0,0.0,0.0
"fitzpatrick, sex, ageGroup, country",3.0,m,55-59,Madagascar,4,0.12,0.12,0.5,0.17,2.0,2.0,2.0,10.0,0.5,0.0,2.0,0.5,2.0,0.0,0.0,2.0,0.0,0.0,0.0,2.0,0.5,0.0,0.0,0.0,4.0,0.0,0.0,0.0,0.0,0.0,4.0,0.0,0.0
"fitzpatrick, sex, ageGroup, country",4.0,f,00-04,Madagascar,7,0.15,0.34,0.43,0.19,3.0,4.0,4.0,17.0,0.3,2.0,2.0,1.0,0.0,3.0,0.6,0.0,1.0,0.14,6.0,0.0,0.0,0.0,0.0,0.0,7.0,0.0,0.0,2.0,1.0,0.2,4.0,0.0,0.0
"fitzpatrick, sex, ageGroup, country",4.0,f,00-04,Malawi,22,0.2,0.04,0.82,0.06,18.0,4.0,4.0,62.0,0.818,0.0,0.0,0.0,22.0,0.0,0.0,0.0,0.0,0.0,22.0,0.0,0.0,4.0,0.0,0.0,0.0,18.0,0.82,0.0,4.0,0.18,18.0,0.0,0.0
"fitzpatrick, sex, ageGroup, country",4.0,f,00-04,Tanzania,4,0.19,0.06,0.75,0.08,3.0,1.0,1.0,11.0,0.75,1.0,0.0,0.0,0.0,3.0,0.75,0.0,1.0,0.25,3.0,0.0,0.0,0.0,0.0,0.0,4.0,0.0,0.0,0.0,0.0,0.0,4.0,0.0,0.0
"fitzpatrick, sex, ageGroup, country",4.0,f,05-09,Madagascar,6,0.5,0.0,1.0,0.0,6.0,0.0,0.0,18.0,1.0,0.0,0.0,0.0,4.0,2.0,1.0,0.0,0.0,0.0,6.0,0.0,0.0,0.0,0.0,0.0,6.0,0.0,0.0,0.0,0.0,0.0,2.0,4.0,1.0
"fitzpatrick, sex, ageGroup, country",4.0,f,05-09,Malawi,6,0.0,0.25,0.0,0.33,0.0,6.0,6.0,12.0,0.0,0.0,0.0,0.0,6.0,0.0,0.0,0.0,6.0,1.0,0.0,0.0,0.0,6.0,0.0,0.0,0.0,0.0,0.0,0.0,0.0,0.0,6.0,0.0,0.0
"fitzpatrick, sex, ageGroup, country",4.0,f,10-14,Madagascar,2,0.25,0.0,1.0,0.0,2.0,0.0,0.0,6.0,1.0,0.0,0.0,0.0,0.0,2.0,1.0,0.0,0.0,0.0,2.0,0.0,0.0,0.0,0.0,0.0,2.0,0.0,0.0,0.0,0.0,0.0,2.0,0.0,0.0
"fitzpatrick, sex, ageGroup, country",4.0,f,15-19,Madagascar,5,0.38,0.05,0.8,0.07,4.0,1.0,1.0,14.0,0.75,0.0,1.0,0.2,4.0,0.0,0.0,1.0,0.0,0.0,3.0,1.0,0.5,0.0,0.0,0.0,5.0,0.0,0.0,0.0,0.0,0.0,2.0,3.0,1.0
"fitzpatrick, sex, ageGroup, country",4.0,f,20-24,Madagascar,12,0.22,0.17,0.42,0.19,5.0,7.0,7.0,29.0,0.438,0.0,3.0,0.25,9.0,0.0,0.0,5.0,0.0,0.0,4.0,3.0,0.38,0.0,2.0,0.17,10.0,0.0,0.0,2.0,2.0,0.25,6.0,2.0,0.5
"fitzpatrick, sex, ageGroup, country",4.0,f,25-29,Madagascar,22,0.41,0.09,0.82,0.06,18.0,4.0,4.0,62.0,0.544,1.0,3.0,0.17,15.0,3.0,0.75,1.0,0.0,0.0,21.0,0.0,0.0,0.0,0.0,0.0,22.0,0.0,0.0,2.0,1.0,0.2,4.0,15.0,0.88
"fitzpatrick, sex, ageGroup, country",4.0,f,30-34,Madagascar,10,0.75,0.06,0.8,0.07,8.0,2.0,2.0,28.0,0.75,0.0,2.0,0.25,6.0,2.0,1.0,0.0,0.0,0.0,8.0,2.0,1.0,2.0,0.0,0.0,8.0,0.0,0.0,0.0,0.0,0.0,6.0,4.0,1.0
"fitzpatrick, sex, ageGroup, country",4.0,f,35-39,Madagascar,5,0.25,0.15,0.4,0.2,2.0,3.0,3.0,12.0,0.5,0.0,3.0,0.6,2.0,0.0,0.0,3.0,0.0,0.0,2.0,0.0,0.0,0.0,0.0,0.0,5.0,0.0,0.0,0.0,0.0,0.0,3.0,2.0,1.0
"fitzpatrick, sex, ageGroup, country",4.0,f,40-44,Madagascar,2,0.25,0.0,1.0,0.0,2.0,0.0,0.0,6.0,1.0,0.0,0.0,0.0,2.0,0.0,0.0,0.0,0.0,0.0,2.0,0.0,0.0,0.0,0.0,0.0,2.0,0.0,0.0,0.0,0.0,0.0,0.0,2.0,1.0
"fitzpatrick, sex, ageGroup, country",4.0,f,50-54,Madagascar,7,0.14,0.11,0.57,0.14,4.0,3.0,3.0,18.0,0.571,0.0,2.0,0.29,5.0,0.0,0.0,3.0,0.0,0.0,0.0,4.0,0.57,0.0,0.0,0.0,7.0,0.0,0.0,0.0,1.0,0.14,6.0,0.0,0.0
"fitzpatrick, sex, ageGroup, country",4.0,f,55-59,Madagascar,8,0.12,0.12,0.5,0.17,4.0,4.0,4.0,20.0,0.5,0.0,2.0,0.25,6.0,0.0,0.0,0.0,2.0,0.25,6.0,0.0,0.0,0.0,0.0,0.0,8.0,0.0,0.0,4.0,0.0,0.0,0.0,4.0,0.5
"fitzpatrick, sex, ageGroup, country",4.0,f,60-64,Madagascar,9,0.22,0.06,0.78,0.07,7.0,2.0,2.0,25.0,0.438,0.0,2.0,0.22,7.0,0.0,0.0,1.0,0.0,0.0,1.0,7.0,0.88,0.0,0.0,0.0,9.0,0.0,0.0,1.0,0.0,0.0,8.0,0.0,0.0
"fitzpatrick, sex, ageGroup, country",4.0,f,65-69,Madagascar,2,0.25,0.0,1.0,0.0,2.0,0.0,0.0,6.0,1.0,0.0,0.0,0.0,0.0,2.0,1.0,0.0,0.0,0.0,2.0,0.0,0.0,0.0,0.0,0.0,2.0,0.0,0.0,0.0,0.0,0.0,2.0,0.0,0.0
"fitzpatrick, sex, ageGroup, country",4.0,m,00-04,Madagascar,14,0.33,0.14,0.57,0.14,8.0,6.0,6.0,36.0,0.438,2.0,1.0,0.11,8.0,3.0,0.6,0.0,3.0,0.21,11.0,0.0,0.0,2.0,1.0,0.08,11.0,0.0,0.0,2.0,1.0,0.14,6.0,5.0,0.71
"fitzpatrick, sex, ageGroup, country",4.0,m,00-04,Malawi,9,0.08,0.16,0.33,0.22,3.0,6.0,6.0,21.0,0.333,6.0,0.0,0.0,0.0,3.0,0.33,0.0,0.0,0.0,9.0,0.0,0.0,0.0,2.0,0.22,7.0,0.0,0.0,0.0,4.0,0.44,5.0,0.0,0.0
"fitzpatrick, sex, ageGroup, country",4.0,m,05-09,Madagascar,13,0.45,0.16,0.46,0.18,6.0,7.0,7.0,32.0,0.595,5.0,0.0,0.0,6.0,2.0,0.29,0.0,4.0,0.36,7.0,2.0,1.0,0.0,1.0,0.08,12.0,0.0,0.0,2.0,2.0,0.22,7.0,2.0,0.5
"fitzpatrick, sex, ageGroup, country",4.0,m,05-09,Malawi,12,0.25,0.0,1.0,0.0,12.0,0.0,0.0,36.0,1.0,0.0,0.0,0.0,12.0,0.0,0.0,0.0,0.0,0.0,12.0,0.0,0.0,0.0,0.0,0.0,0.0,12.0,1.0,0.0,0.0,0.0,12.0,0.0,0.0
"fitzpatrick, sex, ageGroup, country",4.0,m,10-14,Madagascar,11,0.11,0.14,0.45,0.18,5.0,6.0,6.0,27.0,0.455,0.0,2.0,0.18,9.0,0.0,0.0,0.0,3.0,0.27,8.0,0.0,0.0,0.0,1.0,0.09,10.0,0.0,0.0,6.0,0.0,0.0,0.0,5.0,0.45
"fitzpatrick, sex, ageGroup, country",4.0,m,10-14,Malawi,7,0.25,0.0,1.0,0.0,7.0,0.0,0.0,21.0,1.0,0.0,0.0,0.0,7.0,0.0,0.0,0.0,0.0,0.0,0.0,7.0,1.0,0.0,0.0,0.0,7.0,0.0,0.0,0.0,0.0,0.0,7.0,0.0,0.0
"fitzpatrick, sex, ageGroup, country",4.0,m,15-19,Madagascar,3,0.5,0.0,1.0,0.0,3.0,0.0,0.0,9.0,1.0,0.0,0.0,0.0,3.0,0.0,0.0,0.0,0.0,0.0,1.0,2.0,1.0,0.0,0.0,0.0,3.0,0.0,0.0,0.0,0.0,0.0,2.0,1.0,1.0
"fitzpatrick, sex, ageGroup, country",4.0,m,20-24,Madagascar,9,0.5,0.0,1.0,0.0,9.0,0.0,0.0,27.0,1.0,0.0,0.0,0.0,9.0,0.0,0.0,0.0,0.0,0.0,8.0,1.0,1.0,0.0,0.0,0.0,9.0,0.0,0.0,0.0,0.0,0.0,1.0,8.0,1.0
"fitzpatrick, sex, ageGroup, country",4.0,m,25-29,Madagascar,14,0.53,0.14,0.64,0.12,9.0,5.0,5.0,37.0,0.711,0.0,1.0,0.09,10.0,3.0,1.0,4.0,1.0,0.12,7.0,2.0,0.33,0.0,0.0,0.0,14.0,0.0,0.0,1.0,3.0,0.33,6.0,4.0,0.8
"fitzpatrick, sex, ageGroup, country",4.0,m,30-34,Madagascar,19,0.22,0.23,0.68,0.11,13.0,6.0,6.0,51.0,0.433,0.0,2.0,0.11,17.0,0.0,0.0,4.0,1.0,0.07,14.0,0.0,0.0,0.0,0.0,0.0,19.0,0.0,0.0,2.0,3.0,0.75,1.0,13.0,0.87
"fitzpatrick, sex, ageGroup, country",4.0,m,35-39,Madagascar,8,0.25,0.16,0.38,0.21,3.0,5.0,5.0,19.0,0.5,0.0,5.0,0.62,3.0,0.0,0.0,5.0,0.0,0.0,3.0,0.0,0.0,0.0,0.0,0.0,8.0,0.0,0.0,0.0,0.0,0.0,5.0,3.0,1.0
"fitzpatrick, sex, ageGroup, country",4.0,m,40-44,Madagascar,2,0.0,0.25,0.0,0.33,0.0,2.0,2.0,4.0,0.0,2.0,0.0,0.0,0.0,0.0,0.0,0.0,2.0,1.0,0.0,0.0,0.0,0.0,0.0,0.0,2.0,0.0,0.0,0.0,0.0,0.0,2.0,0.0,0.0
"fitzpatrick, sex, ageGroup, country",4.0,m,50-54,Madagascar,4,0.5,0.0,1.0,0.0,4.0,0.0,0.0,12.0,1.0,0.0,0.0,0.0,4.0,0.0,0.0,0.0,0.0,0.0,3.0,1.0,1.0,0.0,0.0,0.0,4.0,0.0,0.0,0.0,0.0,0.0,1.0,3.0,1.0
"fitzpatrick, sex, ageGroup, country",5.0,f,00-04,Madagascar,3,0.08,0.16,0.33,0.22,1.0,2.0,2.0,7.0,0.333,2.0,0.0,0.0,0.0,1.0,0.33,0.0,1.0,0.33,2.0,0.0,0.0,0.0,0.0,0.0,3.0,0.0,0.0,0.0,1.0,0.33,2.0,0.0,0.0
"fitzpatrick, sex, ageGroup, country",5.0,f,00-04,Malawi,32,0.41,0.08,0.81,0.06,26.0,6.0,6.0,90.0,0.812,0.0,1.0,0.03,31.0,0.0,0.0,2.0,4.0,0.25,12.0,14.0,0.88,4.0,1.0,0.06,15.0,12.0,0.75,0.0,0.0,0.0,32.0,0.0,0.0
"fitzpatrick, sex, ageGroup, country",5.0,f,05-09,Madagascar,2,0.0,0.25,0.0,0.33,0.0,2.0,2.0,4.0,0.0,2.0,0.0,0.0,0.0,0.0,0.0,0.0,0.0,0.0,2.0,0.0,0.0,0.0,0.0,0.0,2.0,0.0,0.0,0.0,2.0,1.0,0.0,0.0,0.0
"fitzpatrick, sex, ageGroup, country",5.0,f,05-09,Malawi,16,0.25,0.0,1.0,0.0,16.0,0.0,0.0,48.0,1.0,0.0,0.0,0.0,16.0,0.0,0.0,0.0,0.0,0.0,16.0,0.0,0.0,0.0,0.0,0.0,0.0,16.0,1.0,0.0,0.0,0.0,16.0,0.0,0.0
"fitzpatrick, sex, ageGroup, country",5.0,f,10-14,Madagascar,3,0.5,0.0,1.0,0.0,3.0,0.0,0.0,9.0,1.0,0.0,0.0,0.0,1.0,2.0,1.0,0.0,0.0,0.0,2.0,1.0,1.0,0.0,0.0,0.0,3.0,0.0,0.0,0.0,0.0,0.0,3.0,0.0,0.0
"fitzpatrick, sex, ageGroup, country",5.0,f,10-14,Malawi,19,0.25,0.18,0.63,0.12,12.0,7.0,7.0,50.0,0.5,7.0,0.0,0.0,12.0,0.0,0.0,0.0,0.0,0.0,19.0,0.0,0.0,0.0,3.0,0.16,16.0,0.0,0.0,0.0,4.0,0.57,3.0,12.0,1.0
"fitzpatrick, sex, ageGroup, country",5.0,f,15-19,Madagascar,1,0.25,0.0,1.0,0.0,1.0,0.0,0.0,3.0,1.0,0.0,0.0,0.0,0.0,1.0,1.0,0.0,0.0,0.0,1.0,0.0,0.0,0.0,0.0,0.0,1.0,0.0,0.0,0.0,0.0,0.0,1.0,0.0,0.0
"fitzpatrick, sex, ageGroup, country",5.0,f,20-24,Madagascar,4,0.5,0.0,1.0,0.0,4.0,0.0,0.0,12.0,1.0,0.0,0.0,0.0,4.0,0.0,0.0,0.0,0.0,0.0,3.0,1.0,1.0,0.0,0.0,0.0,4.0,0.0,0.0,0.0,0.0,0.0,1.0,3.0,1.0
"fitzpatrick, sex, ageGroup, country",5.0,f,25-29,Madagascar,7,0.35,0.11,0.57,0.14,4.0,3.0,3.0,18.0,0.7,0.0,0.0,0.0,5.0,2.0,1.0,0.0,1.0,0.14,6.0,0.0,0.0,0.0,2.0,0.29,5.0,0.0,0.0,3.0,0.0,0.0,2.0,2.0,0.4
"fitzpatrick, sex, ageGroup, country",5.0,f,30-34,Madagascar,5,0.5,0.0,1.0,0.0,5.0,0.0,0.0,15.0,1.0,0.0,0.0,0.0,5.0,0.0,0.0,0.0,0.0,0.0,3.0,2.0,1.0,0.0,0.0,0.0,5.0,0.0,0.0,0.0,0.0,0.0,2.0,3.0,1.0
"fitzpatrick, sex, ageGroup, country",5.0,f,40-44,Madagascar,6,0.19,0.29,0.33,0.22,2.0,4.0,4.0,14.0,0.375,1.0,2.0,0.5,2.0,1.0,0.5,3.0,1.0,0.5,1.0,1.0,0.25,0.0,1.0,0.17,5.0,0.0,0.0,0.0,0.0,0.0,6.0,0.0,0.0
"fitzpatrick, sex, ageGroup, country",5.0,f,50-54,Madagascar,4,0.33,0.12,0.5,0.17,2.0,2.0,2.0,10.0,0.667,0.0,2.0,0.5,2.0,0.0,0.0,0.0,0.0,0.0,3.0,1.0,1.0,0.0,0.0,0.0,4.0,0.0,0.0,2.0,0.0,0.0,1.0,1.0,0.33
"fitzpatrick, sex, ageGroup, country",5.0,f,55-59,Madagascar,6,0.17,0.08,0.67,0.11,4.0,2.0,2.0,16.0,0.667,2.0,0.0,0.0,0.0,4.0,0.67,0.0,1.0,0.17,5.0,0.0,0.0,0.0,0.0,0.0,6.0,0.0,0.0,0.0,1.0,0.17,5.0,0.0,0.0
"fitzpatrick, sex, ageGroup, country",5.0,m,00-04,Madagascar,16,0.7,0.08,0.75,0.08,12.0,4.0,4.0,44.0,0.693,1.0,1.0,0.08,11.0,3.0,0.75,1.0,1.0,0.08,12.0,2.0,0.67,1.0,1.0,0.07,13.0,1.0,0.5,1.0,1.0,0.11,8.0,6.0,0.86
"fitzpatrick, sex, ageGroup, country",5.0,m,00-04,Malawi,67,0.56,0.06,0.85,0.05,57.0,10.0,10.0,191.0,0.754,8.0,1.0,0.02,54.0,4.0,0.33,0.0,0.0,0.0,67.0,0.0,0.0,1.0,4.0,0.1,35.0,27.0,0.96,1.0,5.0,0.12,35.0,26.0,0.96
"fitzpatrick, sex, ageGroup, country",5.0,m,00-04,Tanzania,12,0.12,0.12,0.5,0.17,6.0,6.0,6.0,30.0,0.5,6.0,0.0,0.0,0.0,6.0,0.5,0.0,1.0,0.08,11.0,0.0,0.0,0.0,3.0,0.25,9.0,0.0,0.0,0.0,2.0,0.17,10.0,0.0,0.0
"fitzpatrick, sex, ageGroup, country",5.0,m,05-09,Madagascar,7,0.35,0.12,0.57,0.14,4.0,3.0,3.0,18.0,0.7,3.0,0.0,0.0,2.0,2.0,0.4,0.0,1.0,0.2,4.0,2.0,1.0,0.0,0.0,0.0,7.0,0.0,0.0,0.0,2.0,0.29,5.0,0.0,0.0
"fitzpatrick, sex, ageGroup, country",5.0,m,05-09,Malawi,66,0.54,0.12,0.62,0.13,41.0,25.0,25.0,173.0,0.713,0.0,1.0,0.02,65.0,0.0,0.0,0.0,0.0,0.0,45.0,21.0,1.0,0.0,24.0,0.48,26.0,16.0,1.0,25.0,0.0,0.0,37.0,4.0,0.14
"fitzpatrick, sex, ageGroup, country",5.0,m,10-14,Madagascar,10,0.6,0.09,0.7,0.1,7.0,3.0,3.0,27.0,0.8,0.0,1.0,0.14,6.0,3.0,1.0,0.0,1.0,0.12,7.0,2.0,1.0,0.0,1.0,0.1,9.0,0.0,0.0,3.0,0.0,0.0,5.0,2.0,0.4
"fitzpatrick, sex, ageGroup, country",5.0,m,15-19,Madagascar,10,0.22,0.05,0.8,0.07,8.0,2.0,2.0,28.0,0.444,0.0,2.0,0.2,8.0,0.0,0.0,1.0,0.0,0.0,9.0,0.0,0.0,0.0,0.0,0.0,10.0,0.0,0.0,1.0,0.0,0.0,1.0,8.0,0.89
"fitzpatrick, sex, ageGroup, country",5.0,m,15-19,Tanzania,3,0.0,0.25,0.0,0.33,0.0,3.0,3.0,6.0,0.0,3.0,0.0,0.0,0.0,0.0,0.0,0.0,0.0,0.0,3.0,0.0,0.0,0.0,0.0,0.0,3.0,0.0,0.0,0.0,3.0,1.0,0.0,0.0,0.0
"fitzpatrick, sex, ageGroup, country",5.0,m,20-24,Madagascar,9,0.29,0.16,0.44,0.19,4.0,5.0,5.0,22.0,0.583,0.0,3.0,0.33,6.0,0.0,0.0,5.0,0.0,0.0,3.0,1.0,0.17,0.0,0.0,0.0,9.0,0.0,0.0,0.0,2.0,0.33,4.0,3.0,1.0
"fitzpatrick, sex, ageGroup, country",5.0,m,25-29,Madagascar,14,0.62,0.03,0.93,0.02,13.0,1.0,1.0,41.0,0.833,1.0,0.0,0.0,12.0,1.0,0.5,0.0,1.0,0.12,7.0,6.0,1.0,0.0,0.0,0.0,14.0,0.0,0.0,0.0,0.0,0.0,8.0,6.0,1.0
"fitzpatrick, sex, ageGroup, country",5.0,m,30-34,Madagascar,11,0.21,0.3,0.27,0.24,3.0,8.0,8.0,25.0,0.278,4.0,3.0,0.6,2.0,2.0,0.33,3.0,2.0,0.25,6.0,0.0,0.0,0.0,0.0,0.0,11.0,0.0,0.0,1.0,3.0,0.33,6.0,1.0,0.5
"fitzpatrick, sex, ageGroup, country",5.0,m,35-39,Madagascar,6,0.25,0.0,1.0,0.0,6.0,0.0,0.0,18.0,1.0,0.0,0.0,0.0,6.0,0.0,0.0,0.0,0.0,0.0,6.0,0.0,0.0,0.0,0.0,0.0,6.0,0.0,0.0,0.0,0.0,0.0,0.0,6.0,1.0
"fitzpatrick, sex, ageGroup, country",5.0,m,50-54,Madagascar,3,0.08,0.16,0.33,0.22,1.0,2.0,2.0,7.0,0.333,0.0,1.0,0.33,2.0,0.0,0.0,0.0,1.0,0.33,2.0,0.0,0.0,0.0,0.0,0.0,3.0,0.0,0.0,2.0,0.0,0.0,0.0,1.0,0.33
"fitzpatrick, sex, ageGroup, country",6.0,f,00-04,Guinea,3,0.12,0.17,0.33,0.22,1.0,2.0,2.0,7.0,0.25,1.0,0.0,0.0,2.0,0.0,0.0,0.0,2.0,0.67,1.0,0.0,0.0,0.0,0.0,0.0,3.0,0.0,0.0,1.0,0.0,0.0,1.0,1.0,0.5
"fitzpatrick, sex, ageGroup, country",6.0,f,05-09,Guinea,6,0.25,0.0,1.0,0.0,6.0,0.0,0.0,18.0,1.0,0.0,0.0,0.0,6.0,0.0,0.0,0.0,0.0,0.0,0.0,6.0,1.0,0.0,0.0,0.0,6.0,0.0,0.0,0.0,0.0,0.0,6.0,0.0,0.0
"fitzpatrick, sex, ageGroup, country",6.0,f,10-14,Guinea,2,0.25,0.25,0.5,0.17,1.0,1.0,1.0,5.0,0.5,0.0,0.0,0.0,2.0,0.0,0.0,0.0,1.0,1.0,0.0,1.0,1.0,0.0,0.0,0.0,2.0,0.0,0.0,1.0,0.0,0.0,1.0,0.0,0.0
"fitzpatrick, sex, ageGroup, country",6.0,f,15-19,Guinea,1,0.0,0.25,0.0,0.33,0.0,1.0,1.0,2.0,0.0,0.0,1.0,1.0,0.0,0.0,0.0,0.0,0.0,0.0,1.0,0.0,0.0,0.0,0.0,0.0,1.0,0.0,0.0,1.0,0.0,0.0,0.0,0.0,0.0
"fitzpatrick, sex, ageGroup, country",6.0,f,25-29,Guinea,6,0.62,0.08,0.83,0.06,5.0,1.0,1.0,17.0,0.833,0.0,0.0,0.0,5.0,1.0,1.0,0.0,1.0,0.33,2.0,3.0,1.0,1.0,0.0,0.0,4.0,1.0,0.5,0.0,0.0,0.0,6.0,0.0,0.0
"fitzpatrick, sex, ageGroup, country",6.0,f,30-34,Guinea,3,0.5,0.12,0.67,0.11,2.0,1.0,1.0,8.0,0.667,1.0,0.0,0.0,2.0,0.0,0.0,0.0,0.0,0.0,2.0,1.0,1.0,0.0,1.0,0.5,1.0,1.0,1.0,0.0,0.0,0.0,3.0,0.0,0.0
"fitzpatrick, sex, ageGroup, country",6.0,f,30-34,Madagascar,2,0.25,0.0,1.0,0.0,2.0,0.0,0.0,6.0,1.0,0.0,0.0,0.0,2.0,0.0,0.0,0.0,0.0,0.0,2.0,0.0,0.0,0.0,0.0,0.0,2.0,0.0,0.0,0.0,0.0,0.0,0.0,2.0,1.0
"fitzpatrick, sex, ageGroup, country",6.0,f,35-39,Guinea,5,0.62,0.05,0.8,0.07,4.0,1.0,1.0,14.0,0.833,0.0,0.0,0.0,3.0,2.0,1.0,1.0,0.0,0.0,3.0,1.0,0.5,0.0,0.0,0.0,4.0,1.0,1.0,0.0,1.0,0.2,4.0,0.0,0.0
"fitzpatrick, sex, ageGroup, country",6.0,f,40-44,Guinea,1,0.25,0.0,1.0,0.0,1.0,0.0,0.0,3.0,1.0,0.0,0.0,0.0,1.0,0.0,0.0,0.0,0.0,0.0,0.0,1.0,1.0,0.0,0.0,0.0,1.0,0.0,0.0,0.0,0.0,0.0,1.0,0.0,0.0
"fitzpatrick, sex, ageGroup, country",6.0,f,45-49,Guinea,2,0.25,0.25,0.5,0.17,1.0,1.0,1.0,5.0,0.5,1.0,0.0,0.0,1.0,0.0,0.0,0.0,1.0,1.0,0.0,1.0,1.0,0.0,0.0,0.0,2.0,0.0,0.0,0.0,0.0,0.0,2.0,0.0,0.0
"fitzpatrick, sex, ageGroup, country",6.0,f,60-64,Guinea,1,0.25,0.0,1.0,0.0,1.0,0.0,0.0,3.0,1.0,0.0,0.0,0.0,1.0,0.0,0.0,0.0,0.0,0.0,0.0,1.0,1.0,0.0,0.0,0.0,1.0,0.0,0.0,0.0,0.0,0.0,1.0,0.0,0.0
"fitzpatrick, sex, ageGroup, country",6.0,m,00-04,Guinea,11,0.23,0.2,0.45,0.18,5.0,6.0,6.0,27.0,0.467,0.0,3.0,0.27,8.0,0.0,0.0,4.0,1.0,0.2,4.0,2.0,0.33,0.0,0.0,0.0,11.0,0.0,0.0,2.0,2.0,0.33,4.0,3.0,0.6
"fitzpatrick, sex, ageGroup, country",6.0,m,05-09,Guinea,20,0.61,0.09,0.85,0.05,17.0,3.0,3.0,57.0,0.609,1.0,0.0,0.0,18.0,1.0,0.5,1.0,1.0,0.25,3.0,15.0,0.94,0.0,0.0,0.0,19.0,1.0,1.0,1.0,2.0,0.11,17.0,0.0,0.0
"fitzpatrick, sex, ageGroup, country",6.0,m,10-14,Guinea,2,0.5,0.0,1.0,0.0,2.0,0.0,0.0,6.0,1.0,0.0,0.0,0.0,2.0,0.0,0.0,0.0,0.0,0.0,2.0,0.0,0.0,0.0,0.0,0.0,1.0,1.0,1.0,0.0,0.0,0.0,1.0,1.0,1.0
"fitzpatrick, sex, ageGroup, country",6.0,m,15-19,Guinea,2,0.25,0.25,0.5,0.17,1.0,1.0,1.0,5.0,0.5,0.0,1.0,1.0,0.0,1.0,1.0,0.0,0.0,0.0,2.0,0.0,0.0,1.0,0.0,0.0,1.0,0.0,0.0,0.0,0.0,0.0,2.0,0.0,0.0
"fitzpatrick, sex, ageGroup, country",6.0,m,20-24,Guinea,1,0.25,0.0,1.0,0.0,1.0,0.0,0.0,3.0,1.0,0.0,0.0,0.0,1.0,0.0,0.0,0.0,0.0,0.0,1.0,0.0,0.0,0.0,0.0,0.0,1.0,0.0,0.0,0.0,0.0,0.0,0.0,1.0,1.0
"fitzpatrick, sex, ageGroup, country",6.0,m,25-29,Guinea,4,0.25,0.16,0.5,0.17,2.0,2.0,2.0,10.0,0.333,1.0,1.0,0.33,2.0,0.0,0.0,1.0,1.0,0.33,2.0,0.0,0.0,0.0,0.0,0.0,4.0,0.0,0.0,0.0,0.0,0.0,2.0,2.0,1.0
"fitzpatrick, sex, ageGroup, country",6.0,m,25-29,Madagascar,1,0.0,0.25,0.0,0.33,0.0,1.0,1.0,2.0,0.0,0.0,0.0,0.0,1.0,0.0,0.0,1.0,0.0,0.0,0.0,0.0,0.0,0.0,0.0,0.0,1.0,0.0,0.0,0.0,1.0,1.0,0.0,0.0,0.0
"fitzpatrick, sex, ageGroup, country",6.0,m,30-34,Guinea,2,0.0,0.25,0.0,0.33,0.0,2.0,2.0,4.0,0.0,0.0,1.0,0.5,1.0,0.0,0.0,2.0,0.0,0.0,0.0,0.0,0.0,0.0,1.0,0.5,1.0,0.0,0.0,0.0,0.0,0.0,2.0,0.0,0.0
"fitzpatrick, sex, ageGroup, country",6.0,m,35-39,Guinea,7,0.69,0.08,0.71,0.1,5.0,2.0,2.0,19.0,0.688,0.0,0.0,0.0,6.0,1.0,1.0,1.0,0.0,0.0,3.0,3.0,0.75,1.0,0.0,0.0,6.0,0.0,0.0,0.0,2.0,0.33,4.0,1.0,1.0
"fitzpatrick, sex, ageGroup, country",6.0,m,40-44,Guinea,1,0.25,0.0,1.0,0.0,1.0,0.0,0.0,3.0,1.0,0.0,0.0,0.0,1.0,0.0,0.0,0.0,0.0,0.0,0.0,1.0,1.0,0.0,0.0,0.0,1.0,0.0,0.0,0.0,0.0,0.0,1.0,0.0,0.0
"fitzpatrick, sex, ageGroup, country",6.0,m,45-49,Guinea,4,0.19,0.06,0.75,0.08,3.0,1.0,1.0,11.0,0.75,0.0,0.0,0.0,4.0,0.0,0.0,1.0,0.0,0.0,0.0,3.0,0.75,0.0,1.0,0.25,3.0,0.0,0.0,0.0,0.0,0.0,4.0,0.0,0.0
