GroupBy,fitzpatrick,sex,ageGroup,Support,Macro-TPR,Macro-FPR,Micro-TPR,Micro-FPR,TP,FP,FN,TN,balancedAcc,Eczema_FN,Eczema_FP,Eczema_FPR,Eczema_TN,Eczema_TP,Eczema_TPR,Fungal_FN,Fungal_FP,Fungal_FPR,Fungal_TN,Fungal_TP,Fungal_TPR,Others_FN,Others_FP,Others_FPR,Others_TN,Others_TP,Others_TPR,Scabies_FN,Scabies_FP,Scabies_FPR,Scabies_TN,Scabies_TP,Scabies_TPR
fitzpatrick,1.0,,,1,0.25,0.0,1.0,0.0,1.0,0.0,0.0,3.0,1.0,0.0,0.0,0.0,1.0,0.0,0.0,0.0,0.0,0.0,1.0,0.0,0.0,0.0,0.0,0.0,0.0,1.0,1.0,0.0,0.0,0.0,1.0,0.0,0.0
fitzpatrick,3.0,,,271,0.76,0.08,0.75,0.08,204.0,67.0,67.0,746.0,0.758,25.0,26.0,0.12,182.0,38.0,0.6,7.0,17.0,0.07,213.0,34.0,0.83,10.0,14.0,0.07,194.0,53.0,0.84,25.0,10.0,0.06,157.0,79.0,0.76
fitzpatrick,4.0,,,196,0.77,0.08,0.76,0.08,148.0,48.0,48.0,540.0,0.766,16.0,11.0,0.07,144.0,25.0,0.61,8.0,19.0,0.13,129.0,40.0,0.83,3.0,7.0,0.04,165.0,21.0,0.88,21.0,11.0,0.1,102.0,62.0,0.75
fitzpatrick,5.0,,,268,0.74,0.08,0.76,0.08,203.0,65.0,65.0,739.0,0.741,26.0,20.0,0.09,194.0,28.0,0.52,17.0,20.0,0.1,183.0,48.0,0.74,4.0,10.0,0.05,184.0,70.0,0.95,18.0,15.0,0.08,178.0,57.0,0.76
fitzpatrick,6.0,,,74,0.58,0.13,0.69,0.1,51.0,23.0,23.0,199.0,0.576,8.0,6.0,0.1,56.0,4.0,0.33,9.0,7.0,0.25,21.0,37.0,0.8,2.0,4.0,0.06,66.0,2.0,0.5,4.0,6.0,0.1,56.0,8.0,0.67
sex,,f,,334,0.74,0.09,0.73,0.09,244.0,90.0,90.0,912.0,0.736,36.0,25.0,0.1,227.0,46.0,0.56,16.0,30.0,0.11,236.0,52.0,0.76,9.0,15.0,0.06,254.0,56.0,0.86,29.0,20.0,0.09,195.0,90.0,0.76
sex,,m,,476,0.76,0.08,0.76,0.08,363.0,113.0,113.0,1315.0,0.754,39.0,38.0,0.1,350.0,49.0,0.56,25.0,33.0,0.1,311.0,107.0,0.81,10.0,20.0,0.05,355.0,91.0,0.9,39.0,22.0,0.07,299.0,116.0,0.75
ageGroup,,,00-04,267,0.76,0.08,0.75,0.08,200.0,67.0,67.0,734.0,0.754,26.0,20.0,0.1,173.0,48.0,0.65,5.0,13.0,0.06,221.0,28.0,0.85,11.0,18.0,0.1,159.0,79.0,0.88,25.0,16.0,0.08,181.0,45.0,0.64
ageGroup,,,05-09,229,0.79,0.06,0.83,0.06,190.0,39.0,39.0,648.0,0.786,11.0,14.0,0.07,191.0,13.0,0.54,8.0,8.0,0.05,155.0,58.0,0.88,5.0,9.0,0.05,158.0,57.0,0.92,15.0,8.0,0.05,144.0,62.0,0.81
ageGroup,,,10-14,59,0.74,0.08,0.76,0.08,45.0,14.0,14.0,163.0,0.744,4.0,6.0,0.12,43.0,6.0,0.6,5.0,4.0,0.09,40.0,10.0,0.67,1.0,3.0,0.06,49.0,6.0,0.86,4.0,1.0,0.03,31.0,23.0,0.85
ageGroup,,,15-19,31,0.47,0.13,0.61,0.13,19.0,12.0,12.0,81.0,0.624,6.0,2.0,0.11,16.0,7.0,0.54,2.0,7.0,0.28,18.0,4.0,0.67,0.0,1.0,0.03,30.0,0.0,0.0,4.0,2.0,0.11,17.0,8.0,0.67
ageGroup,,,20-24,47,0.48,0.12,0.7,0.1,33.0,14.0,14.0,127.0,0.639,6.0,4.0,0.11,34.0,3.0,0.33,3.0,5.0,0.16,27.0,12.0,0.8,0.0,1.0,0.02,46.0,0.0,0.0,5.0,4.0,0.17,20.0,18.0,0.78
ageGroup,,,25-29,50,0.43,0.12,0.66,0.11,33.0,17.0,17.0,133.0,0.432,4.0,9.0,0.21,34.0,3.0,0.43,6.0,4.0,0.11,34.0,6.0,0.5,1.0,2.0,0.04,47.0,0.0,0.0,6.0,2.0,0.1,18.0,24.0,0.8
ageGroup,,,30-34,32,0.7,0.1,0.72,0.09,23.0,9.0,9.0,87.0,0.694,4.0,4.0,0.17,20.0,4.0,0.5,3.0,5.0,0.23,17.0,7.0,0.7,1.0,0.0,0.0,29.0,2.0,0.67,1.0,0.0,0.0,21.0,10.0,0.91
ageGroup,,,35-39,24,0.43,0.15,0.62,0.12,15.0,9.0,9.0,63.0,0.573,3.0,2.0,0.11,17.0,2.0,0.4,2.0,5.0,0.38,8.0,9.0,0.82,0.0,0.0,0.0,24.0,0.0,0.0,4.0,2.0,0.12,14.0,4.0,0.5
ageGroup,,,40-44,17,0.43,0.16,0.71,0.1,12.0,5.0,5.0,46.0,0.578,2.0,0.0,0.0,14.0,1.0,0.33,1.0,4.0,0.57,3.0,9.0,0.9,0.0,0.0,0.0,17.0,0.0,0.0,2.0,1.0,0.08,12.0,2.0,0.5
ageGroup,,,45-49,10,0.5,0.12,0.7,0.1,7.0,3.0,3.0,27.0,0.667,1.0,1.0,0.17,5.0,3.0,0.75,1.0,1.0,0.12,7.0,1.0,0.5,0.0,0.0,0.0,10.0,0.0,0.0,1.0,1.0,0.17,5.0,3.0,0.75
ageGroup,,,50-54,18,0.58,0.08,0.78,0.07,14.0,4.0,4.0,50.0,0.773,2.0,0.0,0.0,14.0,2.0,0.5,2.0,1.0,0.14,6.0,9.0,0.82,0.0,1.0,0.06,17.0,0.0,0.0,0.0,2.0,0.13,13.0,3.0,1.0
ageGroup,,,55-59,16,0.58,0.12,0.69,0.1,11.0,5.0,5.0,43.0,0.579,2.0,1.0,0.09,10.0,3.0,0.6,2.0,3.0,0.33,6.0,5.0,0.71,0.0,0.0,0.0,13.0,3.0,1.0,1.0,1.0,0.07,14.0,0.0,0.0
ageGroup,,,60-64,7,0.38,0.2,0.43,0.19,3.0,4.0,4.0,17.0,0.5,3.0,0.0,0.0,4.0,0.0,0.0,1.0,2.0,0.4,3.0,1.0,0.5,0.0,0.0,0.0,7.0,0.0,0.0,0.0,2.0,0.4,3.0,2.0,1.0
ageGroup,,,65-69,1,0.0,0.25,0.0,0.33,0.0,1.0,1.0,2.0,0.0,1.0,0.0,0.0,0.0,0.0,0.0,0.0,1.0,1.0,0.0,0.0,0.0,0.0,0.0,0.0,1.0,0.0,0.0,0.0,0.0,0.0,1.0,0.0,0.0
ageGroup,,,70-74,0,,,,,,,,,,,,,,,,,,,,,,,,,,,,,,,,,
ageGroup,,,75-79,1,0.25,0.0,1.0,0.0,1.0,0.0,0.0,3.0,1.0,0.0,0.0,0.0,1.0,0.0,0.0,0.0,0.0,0.0,1.0,0.0,0.0,0.0,0.0,0.0,1.0,0.0,0.0,0.0,0.0,0.0,0.0,1.0,1.0
ageGroup,,,80-84,0,,,,,,,,,,,,,,,,,,,,,,,,,,,,,,,,,
ageGroup,,,85-89,0,,,,,,,,,,,,,,,,,,,,,,,,,,,,,,,,,
ageGroup,,,90-94,0,,,,,,,,,,,,,,,,,,,,,,,,,,,,,,,,,
"fitzpatrick, sex",1.0,m,,1,0.25,0.0,1.0,0.0,1.0,0.0,0.0,3.0,1.0,0.0,0.0,0.0,1.0,0.0,0.0,0.0,0.0,0.0,1.0,0.0,0.0,0.0,0.0,0.0,0.0,1.0,1.0,0.0,0.0,0.0,1.0,0.0,0.0
"fitzpatrick, sex",3.0,f,,126,0.75,0.08,0.74,0.09,93.0,33.0,33.0,345.0,0.743,10.0,15.0,0.15,82.0,19.0,0.66,3.0,8.0,0.07,105.0,10.0,0.77,5.0,7.0,0.07,93.0,21.0,0.81,15.0,3.0,0.04,65.0,43.0,0.74
"fitzpatrick, sex",3.0,m,,145,0.76,0.08,0.77,0.08,111.0,34.0,34.0,401.0,0.766,15.0,11.0,0.1,100.0,19.0,0.56,4.0,9.0,0.08,108.0,24.0,0.86,5.0,7.0,0.06,101.0,32.0,0.86,10.0,7.0,0.07,92.0,36.0,0.78
"fitzpatrick, sex",4.0,f,,85,0.76,0.09,0.73,0.09,62.0,23.0,23.0,232.0,0.752,10.0,3.0,0.05,59.0,13.0,0.57,4.0,11.0,0.16,56.0,14.0,0.78,1.0,3.0,0.04,70.0,11.0,0.92,8.0,6.0,0.11,47.0,24.0,0.75
"fitzpatrick, sex",4.0,m,,111,0.78,0.08,0.77,0.08,86.0,25.0,25.0,308.0,0.778,6.0,8.0,0.09,85.0,12.0,0.67,4.0,8.0,0.1,73.0,26.0,0.87,2.0,4.0,0.04,95.0,10.0,0.83,13.0,5.0,0.08,55.0,38.0,0.75
"fitzpatrick, sex",5.0,f,,97,0.74,0.08,0.74,0.09,72.0,25.0,25.0,266.0,0.739,13.0,6.0,0.08,67.0,11.0,0.46,5.0,7.0,0.09,68.0,17.0,0.77,2.0,5.0,0.07,66.0,24.0,0.92,5.0,7.0,0.1,65.0,20.0,0.8
"fitzpatrick, sex",5.0,m,,171,0.75,0.08,0.77,0.08,131.0,40.0,40.0,473.0,0.746,13.0,14.0,0.1,127.0,17.0,0.57,12.0,13.0,0.1,115.0,31.0,0.72,2.0,5.0,0.04,118.0,46.0,0.96,13.0,8.0,0.07,113.0,37.0,0.74
"fitzpatrick, sex",6.0,f,,26,0.5,0.15,0.65,0.12,17.0,9.0,9.0,69.0,0.496,3.0,1.0,0.05,19.0,3.0,0.5,4.0,4.0,0.36,7.0,11.0,0.73,1.0,0.0,0.0,25.0,0.0,0.0,1.0,4.0,0.18,18.0,3.0,0.75
"fitzpatrick, sex",6.0,m,,48,0.58,0.11,0.71,0.1,34.0,14.0,14.0,130.0,0.574,5.0,5.0,0.12,37.0,1.0,0.17,5.0,3.0,0.18,14.0,26.0,0.84,1.0,4.0,0.09,41.0,2.0,0.67,3.0,2.0,0.05,38.0,5.0,0.62
"fitzpatrick, ageGroup",1.0,,05-09,1,0.25,0.0,1.0,0.0,1.0,0.0,0.0,3.0,1.0,0.0,0.0,0.0,1.0,0.0,0.0,0.0,0.0,0.0,1.0,0.0,0.0,0.0,0.0,0.0,0.0,1.0,1.0,0.0,0.0,0.0,1.0,0.0,0.0
"fitzpatrick, ageGroup",3.0,,00-04,122,0.8,0.09,0.74,0.09,90.0,32.0,32.0,334.0,0.795,10.0,14.0,0.16,75.0,23.0,0.7,0.0,5.0,0.04,111.0,6.0,1.0,6.0,9.0,0.11,74.0,33.0,0.85,16.0,4.0,0.05,74.0,28.0,0.64
"fitzpatrick, ageGroup",3.0,,05-09,75,0.8,0.05,0.84,0.05,63.0,12.0,12.0,213.0,0.807,2.0,5.0,0.07,64.0,4.0,0.67,3.0,2.0,0.04,54.0,16.0,0.84,4.0,2.0,0.04,49.0,20.0,0.83,3.0,3.0,0.06,46.0,23.0,0.88
"fitzpatrick, ageGroup",3.0,,10-14,19,0.61,0.06,0.79,0.07,15.0,4.0,4.0,53.0,0.811,2.0,0.0,0.0,14.0,3.0,0.6,0.0,2.0,0.12,15.0,2.0,1.0,0.0,2.0,0.11,17.0,0.0,0.0,2.0,0.0,0.0,7.0,10.0,0.83
"fitzpatrick, ageGroup",3.0,,15-19,8,0.38,0.06,0.75,0.08,6.0,2.0,2.0,22.0,0.75,2.0,0.0,0.0,4.0,2.0,0.5,0.0,2.0,0.25,6.0,0.0,0.0,0.0,0.0,0.0,8.0,0.0,0.0,0.0,0.0,0.0,4.0,4.0,1.0
"fitzpatrick, ageGroup",3.0,,20-24,13,0.57,0.1,0.69,0.1,9.0,4.0,4.0,35.0,0.764,1.0,3.0,0.3,7.0,2.0,0.67,0.0,1.0,0.09,10.0,2.0,1.0,0.0,0.0,0.0,13.0,0.0,0.0,3.0,0.0,0.0,5.0,5.0,0.62
"fitzpatrick, ageGroup",3.0,,25-29,9,0.38,0.03,0.89,0.04,8.0,1.0,1.0,26.0,0.75,1.0,0.0,0.0,7.0,1.0,0.5,0.0,0.0,0.0,9.0,0.0,0.0,0.0,1.0,0.11,8.0,0.0,0.0,0.0,0.0,0.0,2.0,7.0,1.0
"fitzpatrick, ageGroup",3.0,,30-34,5,0.21,0.29,0.4,0.2,2.0,3.0,3.0,12.0,0.417,2.0,1.0,0.5,1.0,1.0,0.33,1.0,2.0,0.67,1.0,1.0,0.5,0.0,0.0,0.0,5.0,0.0,0.0,0.0,0.0,0.0,5.0,0.0,0.0
"fitzpatrick, ageGroup",3.0,,35-39,3,0.12,0.17,0.33,0.22,1.0,2.0,2.0,7.0,0.25,0.0,2.0,0.67,1.0,0.0,0.0,1.0,0.0,0.0,1.0,1.0,0.5,0.0,0.0,0.0,3.0,0.0,0.0,1.0,0.0,0.0,2.0,0.0,0.0
"fitzpatrick, ageGroup",3.0,,40-44,4,0.42,0.08,0.75,0.08,3.0,1.0,1.0,11.0,0.833,0.0,0.0,0.0,4.0,0.0,0.0,1.0,0.0,0.0,1.0,2.0,0.67,0.0,0.0,0.0,4.0,0.0,0.0,0.0,1.0,0.33,2.0,1.0,1.0
"fitzpatrick, ageGroup",3.0,,45-49,2,0.5,0.0,1.0,0.0,2.0,0.0,0.0,6.0,1.0,0.0,0.0,0.0,1.0,1.0,1.0,0.0,0.0,0.0,1.0,1.0,1.0,0.0,0.0,0.0,2.0,0.0,0.0,0.0,0.0,0.0,2.0,0.0,0.0
"fitzpatrick, ageGroup",3.0,,50-54,4,0.33,0.15,0.5,0.17,2.0,2.0,2.0,10.0,0.667,2.0,0.0,0.0,1.0,1.0,0.33,0.0,1.0,0.33,2.0,1.0,1.0,0.0,0.0,0.0,4.0,0.0,0.0,0.0,1.0,0.25,3.0,0.0,0.0
"fitzpatrick, ageGroup",3.0,,55-59,4,0.17,0.33,0.5,0.17,2.0,2.0,2.0,10.0,0.333,1.0,1.0,0.33,2.0,0.0,0.0,1.0,1.0,1.0,0.0,2.0,0.67,0.0,0.0,0.0,4.0,0.0,0.0,0.0,0.0,0.0,4.0,0.0,0.0
"fitzpatrick, ageGroup",3.0,,60-64,2,0.0,0.25,0.0,0.33,0.0,2.0,2.0,4.0,0.0,2.0,0.0,0.0,0.0,0.0,0.0,0.0,1.0,0.5,1.0,0.0,0.0,0.0,0.0,0.0,2.0,0.0,0.0,0.0,1.0,0.5,1.0,0.0,0.0
"fitzpatrick, ageGroup",4.0,,00-04,47,0.81,0.07,0.79,0.07,37.0,10.0,10.0,131.0,0.811,5.0,2.0,0.07,28.0,12.0,0.71,0.0,2.0,0.05,41.0,4.0,1.0,1.0,2.0,0.06,29.0,15.0,0.94,4.0,4.0,0.11,33.0,6.0,0.6
"fitzpatrick, ageGroup",4.0,,05-09,47,0.84,0.07,0.79,0.07,37.0,10.0,10.0,131.0,0.835,2.0,3.0,0.08,35.0,7.0,0.78,0.0,2.0,0.05,39.0,6.0,1.0,1.0,4.0,0.1,37.0,5.0,0.83,7.0,1.0,0.05,20.0,19.0,0.73
"fitzpatrick, ageGroup",4.0,,10-14,13,0.79,0.08,0.77,0.08,10.0,3.0,3.0,36.0,0.792,1.0,1.0,0.1,9.0,2.0,0.67,1.0,2.0,0.2,8.0,2.0,0.67,0.0,0.0,0.0,12.0,1.0,1.0,1.0,0.0,0.0,7.0,5.0,0.83
"fitzpatrick, ageGroup",4.0,,15-19,5,0.38,0.15,0.6,0.13,3.0,2.0,2.0,13.0,0.5,1.0,1.0,0.25,3.0,0.0,0.0,0.0,0.0,0.0,3.0,2.0,1.0,0.0,0.0,0.0,5.0,0.0,0.0,1.0,1.0,0.33,2.0,1.0,0.5
"fitzpatrick, ageGroup",4.0,,20-24,18,0.4,0.14,0.67,0.11,12.0,6.0,6.0,48.0,0.53,3.0,0.0,0.0,15.0,0.0,0.0,2.0,2.0,0.18,9.0,5.0,0.71,0.0,1.0,0.06,17.0,0.0,0.0,1.0,3.0,0.3,7.0,7.0,0.88
"fitzpatrick, ageGroup",4.0,,25-29,17,0.33,0.09,0.71,0.1,12.0,5.0,5.0,46.0,0.444,1.0,2.0,0.12,14.0,0.0,0.0,2.0,3.0,0.23,10.0,2.0,0.5,0.0,0.0,0.0,17.0,0.0,0.0,2.0,0.0,0.0,5.0,10.0,0.83
"fitzpatrick, ageGroup",4.0,,30-34,11,0.58,0.08,0.73,0.09,8.0,3.0,3.0,30.0,0.583,1.0,1.0,0.11,8.0,1.0,0.5,0.0,2.0,0.22,7.0,2.0,1.0,1.0,0.0,0.0,10.0,0.0,0.0,1.0,0.0,0.0,5.0,5.0,0.83
"fitzpatrick, ageGroup",4.0,,35-39,10,0.38,0.12,0.8,0.07,8.0,2.0,2.0,28.0,0.75,0.0,0.0,0.0,10.0,0.0,0.0,0.0,2.0,0.5,2.0,6.0,1.0,0.0,0.0,0.0,10.0,0.0,0.0,2.0,0.0,0.0,6.0,2.0,0.5
"fitzpatrick, ageGroup",4.0,,40-44,10,0.5,0.12,0.8,0.07,8.0,2.0,2.0,28.0,0.667,1.0,0.0,0.0,8.0,1.0,0.5,0.0,2.0,0.5,2.0,6.0,1.0,0.0,0.0,0.0,10.0,0.0,0.0,1.0,0.0,0.0,8.0,1.0,0.5
"fitzpatrick, ageGroup",4.0,,45-49,4,0.5,0.12,0.75,0.08,3.0,1.0,1.0,11.0,0.667,0.0,1.0,0.5,1.0,2.0,1.0,1.0,0.0,0.0,3.0,0.0,0.0,0.0,0.0,0.0,4.0,0.0,0.0,0.0,0.0,0.0,3.0,1.0,1.0
"fitzpatrick, ageGroup",4.0,,50-54,7,0.45,0.05,0.86,0.05,6.0,1.0,1.0,20.0,0.9,0.0,0.0,0.0,7.0,0.0,0.0,1.0,0.0,0.0,2.0,4.0,0.8,0.0,0.0,0.0,7.0,0.0,0.0,0.0,1.0,0.2,4.0,2.0,1.0
"fitzpatrick, ageGroup",4.0,,55-59,1,0.0,0.25,0.0,0.33,0.0,1.0,1.0,2.0,0.0,0.0,0.0,0.0,1.0,0.0,0.0,0.0,1.0,1.0,0.0,0.0,0.0,0.0,0.0,0.0,1.0,0.0,0.0,1.0,0.0,0.0,0.0,0.0,0.0
"fitzpatrick, ageGroup",4.0,,60-64,4,0.38,0.12,0.75,0.08,3.0,1.0,1.0,11.0,0.75,0.0,0.0,0.0,4.0,0.0,0.0,1.0,0.0,0.0,2.0,1.0,0.5,0.0,0.0,0.0,4.0,0.0,0.0,0.0,1.0,0.5,1.0,2.0,1.0
"fitzpatrick, ageGroup",4.0,,65-69,1,0.0,0.25,0.0,0.33,0.0,1.0,1.0,2.0,0.0,1.0,0.0,0.0,0.0,0.0,0.0,0.0,1.0,1.0,0.0,0.0,0.0,0.0,0.0,0.0,1.0,0.0,0.0,0.0,0.0,0.0,1.0,0.0,0.0
"fitzpatrick, ageGroup",4.0,,75-79,1,0.25,0.0,1.0,0.0,1.0,0.0,0.0,3.0,1.0,0.0,0.0,0.0,1.0,0.0,0.0,0.0,0.0,0.0,1.0,0.0,0.0,0.0,0.0,0.0,1.0,0.0,0.0,0.0,0.0,0.0,0.0,1.0,1.0
"fitzpatrick, ageGroup",5.0,,00-04,78,0.8,0.07,0.79,0.07,62.0,16.0,16.0,218.0,0.793,9.0,2.0,0.04,55.0,12.0,0.57,1.0,4.0,0.06,62.0,11.0,0.92,4.0,4.0,0.09,39.0,31.0,0.89,2.0,6.0,0.09,62.0,8.0,0.8
"fitzpatrick, ageGroup",5.0,,05-09,78,0.7,0.06,0.81,0.06,63.0,15.0,15.0,219.0,0.697,6.0,5.0,0.07,65.0,2.0,0.25,5.0,3.0,0.05,56.0,14.0,0.74,0.0,3.0,0.06,44.0,31.0,1.0,4.0,4.0,0.07,54.0,16.0,0.8
"fitzpatrick, ageGroup",5.0,,10-14,26,0.75,0.07,0.77,0.08,20.0,6.0,6.0,72.0,0.747,1.0,4.0,0.17,20.0,1.0,0.5,4.0,0.0,0.0,16.0,6.0,0.6,0.0,1.0,0.05,20.0,5.0,1.0,1.0,1.0,0.06,16.0,8.0,0.89
"fitzpatrick, ageGroup",5.0,,15-19,12,0.32,0.12,0.58,0.14,7.0,5.0,5.0,31.0,0.433,1.0,1.0,0.14,6.0,4.0,0.8,1.0,3.0,0.27,8.0,0.0,0.0,0.0,1.0,0.08,11.0,0.0,0.0,3.0,0.0,0.0,6.0,3.0,0.5
"fitzpatrick, ageGroup",5.0,,20-24,13,0.48,0.12,0.69,0.1,9.0,4.0,4.0,35.0,0.639,2.0,1.0,0.1,9.0,1.0,0.33,1.0,2.0,0.22,7.0,3.0,0.75,0.0,0.0,0.0,13.0,0.0,0.0,1.0,1.0,0.14,6.0,5.0,0.83
"fitzpatrick, ageGroup",5.0,,25-29,22,0.37,0.14,0.55,0.15,12.0,10.0,10.0,56.0,0.49,2.0,7.0,0.37,12.0,1.0,0.33,4.0,1.0,0.07,13.0,4.0,0.5,0.0,1.0,0.05,21.0,0.0,0.0,4.0,1.0,0.09,10.0,7.0,0.64
"fitzpatrick, ageGroup",5.0,,30-34,10,0.67,0.03,0.9,0.03,9.0,1.0,1.0,29.0,0.889,1.0,0.0,0.0,7.0,2.0,0.67,0.0,1.0,0.12,7.0,2.0,1.0,0.0,0.0,0.0,10.0,0.0,0.0,0.0,0.0,0.0,5.0,5.0,1.0
"fitzpatrick, ageGroup",5.0,,35-39,5,0.67,0.06,0.8,0.07,4.0,1.0,1.0,14.0,0.889,0.0,0.0,0.0,4.0,1.0,1.0,0.0,1.0,0.25,3.0,1.0,1.0,0.0,0.0,0.0,5.0,0.0,0.0,1.0,0.0,0.0,2.0,2.0,0.67
"fitzpatrick, ageGroup",5.0,,40-44,2,0.0,0.25,0.0,0.33,0.0,2.0,2.0,4.0,0.0,1.0,0.0,0.0,1.0,0.0,0.0,0.0,2.0,1.0,0.0,0.0,0.0,0.0,0.0,0.0,2.0,0.0,0.0,1.0,0.0,0.0,1.0,0.0,0.0
"fitzpatrick, ageGroup",5.0,,45-49,4,0.17,0.31,0.5,0.17,2.0,2.0,2.0,10.0,0.333,1.0,0.0,0.0,3.0,0.0,0.0,0.0,1.0,0.25,3.0,0.0,0.0,0.0,0.0,0.0,4.0,0.0,0.0,1.0,1.0,1.0,0.0,2.0,0.67
"fitzpatrick, ageGroup",5.0,,50-54,6,0.75,0.0,1.0,0.0,6.0,0.0,0.0,18.0,1.0,0.0,0.0,0.0,5.0,1.0,1.0,0.0,0.0,0.0,2.0,4.0,1.0,0.0,0.0,0.0,6.0,0.0,0.0,0.0,0.0,0.0,5.0,1.0,1.0
"fitzpatrick, ageGroup",5.0,,55-59,11,0.62,0.06,0.82,0.06,9.0,2.0,2.0,31.0,0.833,1.0,0.0,0.0,7.0,3.0,0.75,1.0,1.0,0.14,6.0,3.0,0.75,0.0,0.0,0.0,8.0,3.0,1.0,0.0,1.0,0.09,10.0,0.0,0.0
"fitzpatrick, ageGroup",5.0,,60-64,1,0.0,0.25,0.0,0.33,0.0,1.0,1.0,2.0,0.0,1.0,0.0,0.0,0.0,0.0,0.0,0.0,1.0,1.0,0.0,0.0,0.0,0.0,0.0,0.0,1.0,0.0,0.0,0.0,0.0,0.0,1.0,0.0,0.0
"fitzpatrick, ageGroup",6.0,,00-04,20,0.37,0.16,0.55,0.15,11.0,9.0,9.0,51.0,0.49,2.0,2.0,0.12,15.0,1.0,0.33,4.0,2.0,0.22,7.0,7.0,0.64,0.0,3.0,0.15,17.0,0.0,0.0,3.0,2.0,0.14,12.0,3.0,0.5
"fitzpatrick, ageGroup",6.0,,05-09,28,0.45,0.05,0.93,0.02,26.0,2.0,2.0,82.0,0.6,1.0,1.0,0.04,26.0,0.0,0.0,0.0,1.0,0.17,5.0,22.0,1.0,0.0,0.0,0.0,28.0,0.0,0.0,1.0,0.0,0.0,23.0,4.0,0.8
"fitzpatrick, ageGroup",6.0,,10-14,1,0.0,0.25,0.0,0.33,0.0,1.0,1.0,2.0,0.0,0.0,1.0,1.0,0.0,0.0,0.0,0.0,0.0,0.0,1.0,0.0,0.0,1.0,0.0,0.0,0.0,0.0,0.0,0.0,0.0,0.0,1.0,0.0,0.0
"fitzpatrick, ageGroup",6.0,,15-19,6,0.25,0.21,0.5,0.17,3.0,3.0,3.0,15.0,0.5,2.0,0.0,0.0,3.0,1.0,0.33,1.0,2.0,0.67,1.0,2.0,0.67,0.0,0.0,0.0,6.0,0.0,0.0,0.0,1.0,0.17,5.0,0.0,0.0
"fitzpatrick, ageGroup",6.0,,20-24,3,0.5,0.0,1.0,0.0,3.0,0.0,0.0,9.0,1.0,0.0,0.0,0.0,3.0,0.0,0.0,0.0,0.0,0.0,1.0,2.0,1.0,0.0,0.0,0.0,3.0,0.0,0.0,0.0,0.0,0.0,2.0,1.0,1.0
"fitzpatrick, ageGroup",6.0,,25-29,2,0.25,0.12,0.5,0.17,1.0,1.0,1.0,5.0,0.5,0.0,0.0,0.0,1.0,1.0,1.0,0.0,0.0,0.0,2.0,0.0,0.0,1.0,0.0,0.0,1.0,0.0,0.0,0.0,1.0,0.5,1.0,0.0,0.0
"fitzpatrick, ageGroup",6.0,,30-34,6,0.38,0.08,0.67,0.11,4.0,2.0,2.0,16.0,0.75,0.0,2.0,0.33,4.0,0.0,0.0,2.0,0.0,0.0,2.0,2.0,0.5,0.0,0.0,0.0,4.0,2.0,1.0,0.0,0.0,0.0,6.0,0.0,0.0
"fitzpatrick, ageGroup",6.0,,35-39,6,0.19,0.21,0.33,0.22,2.0,4.0,4.0,14.0,0.375,3.0,0.0,0.0,2.0,1.0,0.25,1.0,2.0,0.5,2.0,1.0,0.5,0.0,0.0,0.0,6.0,0.0,0.0,0.0,2.0,0.33,4.0,0.0,0.0
"fitzpatrick, ageGroup",6.0,,40-44,1,0.25,0.0,1.0,0.0,1.0,0.0,0.0,3.0,1.0,0.0,0.0,0.0,1.0,0.0,0.0,0.0,0.0,0.0,0.0,1.0,1.0,0.0,0.0,0.0,1.0,0.0,0.0,0.0,0.0,0.0,1.0,0.0,0.0
"fitzpatrick, ageGroup",6.0,,50-54,1,0.0,0.25,0.0,0.33,0.0,1.0,1.0,2.0,0.0,0.0,0.0,0.0,1.0,0.0,0.0,1.0,0.0,0.0,0.0,0.0,0.0,0.0,1.0,1.0,0.0,0.0,0.0,0.0,0.0,0.0,1.0,0.0,0.0
"sex, ageGroup",,f,00-04,123,0.74,0.09,0.73,0.09,90.0,33.0,33.0,336.0,0.741,10.0,12.0,0.13,77.0,24.0,0.71,2.0,6.0,0.06,103.0,12.0,0.86,4.0,9.0,0.11,73.0,37.0,0.9,17.0,6.0,0.07,83.0,17.0,0.5
"sex, ageGroup",,f,05-09,75,0.78,0.06,0.81,0.06,61.0,14.0,14.0,211.0,0.773,4.0,5.0,0.08,61.0,5.0,0.56,2.0,4.0,0.06,58.0,11.0,0.85,4.0,2.0,0.04,51.0,18.0,0.82,4.0,3.0,0.07,41.0,27.0,0.87
"sex, ageGroup",,f,10-14,14,0.54,0.09,0.64,0.12,9.0,5.0,5.0,37.0,0.717,3.0,0.0,0.0,9.0,2.0,0.4,0.0,3.0,0.21,11.0,0.0,0.0,0.0,2.0,0.15,11.0,1.0,1.0,2.0,0.0,0.0,6.0,6.0,0.75
"sex, ageGroup",,f,15-19,18,0.57,0.09,0.72,0.09,13.0,5.0,5.0,49.0,0.756,4.0,0.0,0.0,8.0,6.0,0.6,1.0,3.0,0.2,12.0,2.0,0.67,0.0,0.0,0.0,18.0,0.0,0.0,0.0,2.0,0.15,11.0,5.0,1.0
"sex, ageGroup",,f,20-24,17,0.46,0.04,0.88,0.04,15.0,2.0,2.0,49.0,0.619,1.0,1.0,0.06,15.0,0.0,0.0,1.0,0.0,0.0,10.0,6.0,0.86,0.0,0.0,0.0,17.0,0.0,0.0,0.0,1.0,0.12,7.0,9.0,1.0
"sex, ageGroup",,f,25-29,28,0.43,0.13,0.61,0.13,17.0,11.0,11.0,73.0,0.426,4.0,4.0,0.19,17.0,3.0,0.43,4.0,3.0,0.14,18.0,3.0,0.43,1.0,2.0,0.07,25.0,0.0,0.0,2.0,2.0,0.13,13.0,11.0,0.85
"sex, ageGroup",,f,30-34,15,0.5,0.12,0.67,0.11,10.0,5.0,5.0,40.0,0.667,3.0,2.0,0.2,8.0,2.0,0.4,2.0,3.0,0.3,7.0,3.0,0.6,0.0,0.0,0.0,15.0,0.0,0.0,0.0,0.0,0.0,10.0,5.0,1.0
"sex, ageGroup",,f,35-39,9,0.28,0.2,0.56,0.15,5.0,4.0,4.0,23.0,0.55,0.0,1.0,0.11,8.0,0.0,0.0,2.0,2.0,0.5,2.0,3.0,0.6,0.0,0.0,0.0,9.0,0.0,0.0,2.0,1.0,0.2,4.0,2.0,0.5
"sex, ageGroup",,f,40-44,10,0.54,0.1,0.8,0.07,8.0,2.0,2.0,28.0,0.722,1.0,0.0,0.0,8.0,1.0,0.5,0.0,2.0,0.4,3.0,5.0,1.0,0.0,0.0,0.0,10.0,0.0,0.0,1.0,0.0,0.0,7.0,2.0,0.67
"sex, ageGroup",,f,45-49,4,0.38,0.12,0.75,0.08,3.0,1.0,1.0,11.0,0.75,1.0,0.0,0.0,2.0,1.0,0.5,0.0,0.0,0.0,4.0,0.0,0.0,0.0,0.0,0.0,4.0,0.0,0.0,0.0,1.0,0.5,1.0,2.0,1.0
"sex, ageGroup",,f,50-54,12,0.59,0.1,0.75,0.08,9.0,3.0,3.0,33.0,0.786,2.0,0.0,0.0,8.0,2.0,0.5,1.0,1.0,0.2,4.0,6.0,0.86,0.0,0.0,0.0,12.0,0.0,0.0,0.0,2.0,0.18,9.0,1.0,1.0
"sex, ageGroup",,f,55-59,2,0.0,0.25,0.0,0.33,0.0,2.0,2.0,4.0,0.0,1.0,0.0,0.0,1.0,0.0,0.0,0.0,2.0,1.0,0.0,0.0,0.0,0.0,0.0,0.0,2.0,0.0,0.0,1.0,0.0,0.0,1.0,0.0,0.0
"sex, ageGroup",,f,60-64,5,0.38,0.17,0.6,0.13,3.0,2.0,2.0,13.0,0.5,1.0,0.0,0.0,4.0,0.0,0.0,1.0,0.0,0.0,3.0,1.0,0.5,0.0,0.0,0.0,5.0,0.0,0.0,0.0,2.0,0.67,1.0,2.0,1.0
"sex, ageGroup",,f,65-69,1,0.0,0.25,0.0,0.33,0.0,1.0,1.0,2.0,0.0,1.0,0.0,0.0,0.0,0.0,0.0,0.0,1.0,1.0,0.0,0.0,0.0,0.0,0.0,0.0,1.0,0.0,0.0,0.0,0.0,0.0,1.0,0.0,0.0
"sex, ageGroup",,m,00-04,144,0.77,0.08,0.76,0.08,110.0,34.0,34.0,398.0,0.769,16.0,8.0,0.08,96.0,24.0,0.6,3.0,7.0,0.06,118.0,16.0,0.84,7.0,9.0,0.09,86.0,42.0,0.86,8.0,10.0,0.09,98.0,28.0,0.78
"sex, ageGroup",,m,05-09,154,0.79,0.05,0.84,0.05,129.0,25.0,25.0,437.0,0.789,7.0,9.0,0.06,130.0,8.0,0.53,6.0,4.0,0.04,97.0,47.0,0.89,1.0,7.0,0.06,107.0,39.0,0.98,11.0,5.0,0.05,103.0,35.0,0.76
"sex, ageGroup",,m,10-14,45,0.8,0.06,0.8,0.07,36.0,9.0,9.0,126.0,0.799,1.0,6.0,0.15,34.0,4.0,0.8,5.0,1.0,0.03,29.0,10.0,0.67,1.0,1.0,0.03,38.0,5.0,0.83,2.0,1.0,0.04,25.0,17.0,0.89
"sex, ageGroup",,m,15-19,13,0.36,0.17,0.46,0.18,6.0,7.0,7.0,32.0,0.476,2.0,2.0,0.2,8.0,1.0,0.33,1.0,4.0,0.4,6.0,2.0,0.67,0.0,1.0,0.08,12.0,0.0,0.0,4.0,0.0,0.0,6.0,3.0,0.43
"sex, ageGroup",,m,20-24,30,0.44,0.15,0.6,0.13,18.0,12.0,12.0,78.0,0.589,5.0,3.0,0.14,19.0,3.0,0.38,2.0,5.0,0.23,17.0,6.0,0.75,0.0,1.0,0.03,29.0,0.0,0.0,5.0,3.0,0.19,13.0,9.0,0.64
"sex, ageGroup",,m,25-29,22,0.34,0.07,0.73,0.09,16.0,6.0,6.0,60.0,0.682,0.0,5.0,0.23,17.0,0.0,0.0,2.0,1.0,0.06,16.0,3.0,0.6,0.0,0.0,0.0,22.0,0.0,0.0,4.0,0.0,0.0,5.0,13.0,0.76
"sex, ageGroup",,m,30-34,17,0.74,0.08,0.76,0.08,13.0,4.0,4.0,47.0,0.742,1.0,2.0,0.14,12.0,2.0,0.67,1.0,2.0,0.17,10.0,4.0,0.8,1.0,0.0,0.0,14.0,2.0,0.67,1.0,0.0,0.0,11.0,5.0,0.83
"sex, ageGroup",,m,35-39,15,0.48,0.13,0.67,0.11,10.0,5.0,5.0,40.0,0.633,3.0,1.0,0.1,9.0,2.0,0.4,0.0,3.0,0.33,6.0,6.0,1.0,0.0,0.0,0.0,15.0,0.0,0.0,2.0,1.0,0.09,10.0,2.0,0.5
"sex, ageGroup",,m,40-44,7,0.2,0.29,0.57,0.14,4.0,3.0,3.0,18.0,0.267,1.0,0.0,0.0,6.0,0.0,0.0,1.0,2.0,1.0,0.0,4.0,0.8,0.0,0.0,0.0,7.0,0.0,0.0,1.0,1.0,0.17,5.0,0.0,0.0
"sex, ageGroup",,m,45-49,6,0.5,0.12,0.67,0.11,4.0,2.0,2.0,16.0,0.667,0.0,1.0,0.25,3.0,2.0,1.0,1.0,1.0,0.25,3.0,1.0,0.5,0.0,0.0,0.0,6.0,0.0,0.0,1.0,0.0,0.0,4.0,1.0,0.5
"sex, ageGroup",,m,50-54,6,0.44,0.04,0.83,0.06,5.0,1.0,1.0,17.0,0.875,0.0,0.0,0.0,6.0,0.0,0.0,1.0,0.0,0.0,2.0,3.0,0.75,0.0,1.0,0.17,5.0,0.0,0.0,0.0,0.0,0.0,4.0,2.0,1.0
"sex, ageGroup",,m,55-59,14,0.62,0.08,0.79,0.07,11.0,3.0,3.0,39.0,0.821,1.0,1.0,0.1,9.0,3.0,0.75,2.0,1.0,0.14,6.0,5.0,0.71,0.0,0.0,0.0,11.0,3.0,1.0,0.0,1.0,0.07,13.0,0.0,0.0
"sex, ageGroup",,m,60-64,2,0.0,0.25,0.0,0.33,0.0,2.0,2.0,4.0,0.0,2.0,0.0,0.0,0.0,0.0,0.0,0.0,2.0,1.0,0.0,0.0,0.0,0.0,0.0,0.0,2.0,0.0,0.0,0.0,0.0,0.0,2.0,0.0,0.0
"sex, ageGroup",,m,75-79,1,0.25,0.0,1.0,0.0,1.0,0.0,0.0,3.0,1.0,0.0,0.0,0.0,1.0,0.0,0.0,0.0,0.0,0.0,1.0,0.0,0.0,0.0,0.0,0.0,1.0,0.0,0.0,0.0,0.0,0.0,0.0,1.0,1.0
"fitzpatrick, sex, ageGroup",1.0,m,05-09,1,0.25,0.0,1.0,0.0,1.0,0.0,0.0,3.0,1.0,0.0,0.0,0.0,1.0,0.0,0.0,0.0,0.0,0.0,1.0,0.0,0.0,0.0,0.0,0.0,0.0,1.0,1.0,0.0,0.0,0.0,1.0,0.0,0.0
"fitzpatrick, sex, ageGroup",3.0,f,00-04,59,0.82,0.09,0.73,0.09,43.0,16.0,16.0,161.0,0.817,2.0,10.0,0.22,36.0,11.0,0.85,0.0,1.0,0.02,55.0,3.0,1.0,2.0,5.0,0.12,37.0,15.0,0.88,12.0,0.0,0.0,33.0,14.0,0.54
"fitzpatrick, sex, ageGroup",3.0,f,05-09,29,0.82,0.06,0.83,0.06,24.0,5.0,5.0,82.0,0.817,0.0,3.0,0.11,24.0,2.0,1.0,1.0,1.0,0.04,25.0,2.0,0.67,3.0,0.0,0.0,20.0,6.0,0.67,1.0,1.0,0.07,13.0,14.0,0.93
"fitzpatrick, sex, ageGroup",3.0,f,10-14,5,0.12,0.15,0.4,0.2,2.0,3.0,3.0,12.0,0.25,1.0,0.0,0.0,4.0,0.0,0.0,0.0,2.0,0.4,3.0,0.0,0.0,0.0,1.0,0.2,4.0,0.0,0.0,2.0,0.0,0.0,1.0,2.0,0.5
"fitzpatrick, sex, ageGroup",3.0,f,15-19,7,0.42,0.04,0.86,0.05,6.0,1.0,1.0,20.0,0.833,1.0,0.0,0.0,4.0,2.0,0.67,0.0,1.0,0.14,6.0,0.0,0.0,0.0,0.0,0.0,7.0,0.0,0.0,0.0,0.0,0.0,3.0,4.0,1.0
"fitzpatrick, sex, ageGroup",3.0,f,20-24,3,0.5,0.0,1.0,0.0,3.0,0.0,0.0,9.0,1.0,0.0,0.0,0.0,3.0,0.0,0.0,0.0,0.0,0.0,2.0,1.0,1.0,0.0,0.0,0.0,3.0,0.0,0.0,0.0,0.0,0.0,1.0,2.0,1.0
"fitzpatrick, sex, ageGroup",3.0,f,25-29,7,0.38,0.04,0.86,0.05,6.0,1.0,1.0,20.0,0.75,1.0,0.0,0.0,5.0,1.0,0.5,0.0,0.0,0.0,7.0,0.0,0.0,0.0,1.0,0.14,6.0,0.0,0.0,0.0,0.0,0.0,2.0,5.0,1.0
"fitzpatrick, sex, ageGroup",3.0,f,30-34,4,0.25,0.25,0.5,0.17,2.0,2.0,2.0,10.0,0.5,1.0,1.0,0.5,1.0,1.0,0.5,1.0,1.0,0.5,1.0,1.0,0.5,0.0,0.0,0.0,4.0,0.0,0.0,0.0,0.0,0.0,4.0,0.0,0.0
"fitzpatrick, sex, ageGroup",3.0,f,35-39,2,0.12,0.12,0.5,0.17,1.0,1.0,1.0,5.0,0.5,0.0,1.0,0.5,1.0,0.0,0.0,1.0,0.0,0.0,0.0,1.0,0.5,0.0,0.0,0.0,2.0,0.0,0.0,0.0,0.0,0.0,2.0,0.0,0.0
"fitzpatrick, sex, ageGroup",3.0,f,40-44,2,0.5,0.0,1.0,0.0,2.0,0.0,0.0,6.0,1.0,0.0,0.0,0.0,2.0,0.0,0.0,0.0,0.0,0.0,1.0,1.0,1.0,0.0,0.0,0.0,2.0,0.0,0.0,0.0,0.0,0.0,1.0,1.0,1.0
"fitzpatrick, sex, ageGroup",3.0,f,45-49,1,0.25,0.0,1.0,0.0,1.0,0.0,0.0,3.0,1.0,0.0,0.0,0.0,0.0,1.0,1.0,0.0,0.0,0.0,1.0,0.0,0.0,0.0,0.0,0.0,1.0,0.0,0.0,0.0,0.0,0.0,1.0,0.0,0.0
"fitzpatrick, sex, ageGroup",3.0,f,50-54,4,0.33,0.15,0.5,0.17,2.0,2.0,2.0,10.0,0.667,2.0,0.0,0.0,1.0,1.0,0.33,0.0,1.0,0.33,2.0,1.0,1.0,0.0,0.0,0.0,4.0,0.0,0.0,0.0,1.0,0.25,3.0,0.0,0.0
"fitzpatrick, sex, ageGroup",3.0,f,55-59,1,0.0,0.25,0.0,0.33,0.0,1.0,1.0,2.0,0.0,1.0,0.0,0.0,0.0,0.0,0.0,0.0,1.0,1.0,0.0,0.0,0.0,0.0,0.0,0.0,1.0,0.0,0.0,0.0,0.0,0.0,1.0,0.0,0.0
"fitzpatrick, sex, ageGroup",3.0,f,60-64,1,0.0,0.25,0.0,0.33,0.0,1.0,1.0,2.0,0.0,1.0,0.0,0.0,0.0,0.0,0.0,0.0,0.0,0.0,1.0,0.0,0.0,0.0,0.0,0.0,1.0,0.0,0.0,0.0,1.0,1.0,0.0,0.0,0.0
"fitzpatrick, sex, ageGroup",3.0,m,00-04,63,0.8,0.09,0.75,0.08,47.0,16.0,16.0,173.0,0.799,8.0,4.0,0.09,39.0,12.0,0.6,0.0,4.0,0.07,56.0,3.0,1.0,4.0,4.0,0.1,37.0,18.0,0.82,4.0,4.0,0.09,41.0,14.0,0.78
"fitzpatrick, sex, ageGroup",3.0,m,05-09,46,0.78,0.05,0.85,0.05,39.0,7.0,7.0,131.0,0.782,2.0,2.0,0.05,40.0,2.0,0.5,2.0,1.0,0.03,29.0,14.0,0.88,1.0,2.0,0.06,29.0,14.0,0.93,2.0,2.0,0.06,33.0,9.0,0.82
"fitzpatrick, sex, ageGroup",3.0,m,10-14,14,0.69,0.02,0.93,0.02,13.0,1.0,1.0,41.0,0.917,1.0,0.0,0.0,10.0,3.0,0.75,0.0,0.0,0.0,12.0,2.0,1.0,0.0,1.0,0.07,13.0,0.0,0.0,0.0,0.0,0.0,6.0,8.0,1.0
"fitzpatrick, sex, ageGroup",3.0,m,15-19,1,0.0,0.25,0.0,0.33,0.0,1.0,1.0,2.0,0.0,1.0,0.0,0.0,0.0,0.0,0.0,0.0,1.0,1.0,0.0,0.0,0.0,0.0,0.0,0.0,1.0,0.0,0.0,0.0,0.0,0.0,1.0,0.0,0.0
"fitzpatrick, sex, ageGroup",3.0,m,20-24,10,0.54,0.14,0.6,0.13,6.0,4.0,4.0,26.0,0.722,1.0,3.0,0.43,4.0,2.0,0.67,0.0,1.0,0.11,8.0,1.0,1.0,0.0,0.0,0.0,10.0,0.0,0.0,3.0,0.0,0.0,4.0,3.0,0.5
"fitzpatrick, sex, ageGroup",3.0,m,25-29,2,0.25,0.0,1.0,0.0,2.0,0.0,0.0,6.0,1.0,0.0,0.0,0.0,2.0,0.0,0.0,0.0,0.0,0.0,2.0,0.0,0.0,0.0,0.0,0.0,2.0,0.0,0.0,0.0,0.0,0.0,0.0,2.0,1.0
"fitzpatrick, sex, ageGroup",3.0,m,30-34,1,0.0,0.25,0.0,0.33,0.0,1.0,1.0,2.0,0.0,1.0,0.0,0.0,0.0,0.0,0.0,0.0,1.0,1.0,0.0,0.0,0.0,0.0,0.0,0.0,1.0,0.0,0.0,0.0,0.0,0.0,1.0,0.0,0.0
"fitzpatrick, sex, ageGroup",3.0,m,35-39,1,0.0,0.25,0.0,0.33,0.0,1.0,1.0,2.0,0.0,0.0,1.0,1.0,0.0,0.0,0.0,0.0,0.0,0.0,1.0,0.0,0.0,0.0,0.0,0.0,1.0,0.0,0.0,1.0,0.0,0.0,0.0,0.0,0.0
"fitzpatrick, sex, ageGroup",3.0,m,40-44,2,0.12,0.12,0.5,0.17,1.0,1.0,1.0,5.0,0.5,0.0,0.0,0.0,2.0,0.0,0.0,1.0,0.0,0.0,0.0,1.0,0.5,0.0,0.0,0.0,2.0,0.0,0.0,0.0,1.0,0.5,1.0,0.0,0.0
"fitzpatrick, sex, ageGroup",3.0,m,45-49,1,0.25,0.0,1.0,0.0,1.0,0.0,0.0,3.0,1.0,0.0,0.0,0.0,1.0,0.0,0.0,0.0,0.0,0.0,0.0,1.0,1.0,0.0,0.0,0.0,1.0,0.0,0.0,0.0,0.0,0.0,1.0,0.0,0.0
"fitzpatrick, sex, ageGroup",3.0,m,55-59,3,0.17,0.08,0.67,0.11,2.0,1.0,1.0,8.0,0.667,0.0,1.0,0.33,2.0,0.0,0.0,1.0,0.0,0.0,0.0,2.0,0.67,0.0,0.0,0.0,3.0,0.0,0.0,0.0,0.0,0.0,3.0,0.0,0.0
"fitzpatrick, sex, ageGroup",3.0,m,60-64,1,0.0,0.25,0.0,0.33,0.0,1.0,1.0,2.0,0.0,1.0,0.0,0.0,0.0,0.0,0.0,0.0,1.0,1.0,0.0,0.0,0.0,0.0,0.0,0.0,1.0,0.0,0.0,0.0,0.0,0.0,1.0,0.0,0.0
"fitzpatrick, sex, ageGroup",4.0,f,00-04,24,0.52,0.08,0.75,0.08,18.0,6.0,6.0,66.0,0.7,4.0,1.0,0.07,13.0,6.0,0.6,0.0,1.0,0.04,23.0,0.0,0.0,0.0,1.0,0.07,13.0,10.0,1.0,2.0,3.0,0.15,17.0,2.0,0.5
"fitzpatrick, sex, ageGroup",4.0,f,05-09,10,0.42,0.08,0.7,0.1,7.0,3.0,3.0,27.0,0.556,0.0,0.0,0.0,7.0,3.0,1.0,0.0,1.0,0.1,9.0,0.0,0.0,1.0,2.0,0.22,7.0,0.0,0.0,2.0,0.0,0.0,4.0,4.0,0.67
"fitzpatrick, sex, ageGroup",4.0,f,10-14,5,0.67,0.05,0.8,0.07,4.0,1.0,1.0,14.0,0.889,1.0,0.0,0.0,2.0,2.0,0.67,0.0,1.0,0.2,4.0,0.0,0.0,0.0,0.0,0.0,4.0,1.0,1.0,0.0,0.0,0.0,4.0,1.0,1.0
"fitzpatrick, sex, ageGroup",4.0,f,15-19,2,0.25,0.25,0.5,0.17,1.0,1.0,1.0,5.0,0.5,1.0,0.0,0.0,1.0,0.0,0.0,0.0,0.0,0.0,2.0,0.0,0.0,0.0,0.0,0.0,2.0,0.0,0.0,0.0,1.0,1.0,0.0,1.0,1.0
"fitzpatrick, sex, ageGroup",4.0,f,20-24,7,0.5,0.0,1.0,0.0,7.0,0.0,0.0,21.0,1.0,0.0,0.0,0.0,7.0,0.0,0.0,0.0,0.0,0.0,4.0,3.0,1.0,0.0,0.0,0.0,7.0,0.0,0.0,0.0,0.0,0.0,3.0,4.0,1.0
"fitzpatrick, sex, ageGroup",4.0,f,25-29,10,0.29,0.13,0.6,0.13,6.0,4.0,4.0,26.0,0.389,1.0,2.0,0.22,7.0,0.0,0.0,2.0,2.0,0.29,5.0,1.0,0.33,0.0,0.0,0.0,10.0,0.0,0.0,1.0,0.0,0.0,4.0,5.0,0.83
"fitzpatrick, sex, ageGroup",4.0,f,30-34,5,0.62,0.06,0.8,0.07,4.0,1.0,1.0,14.0,0.833,1.0,0.0,0.0,3.0,1.0,0.5,0.0,1.0,0.25,3.0,1.0,1.0,0.0,0.0,0.0,5.0,0.0,0.0,0.0,0.0,0.0,3.0,2.0,1.0
"fitzpatrick, sex, ageGroup",4.0,f,35-39,4,0.38,0.12,0.75,0.08,3.0,1.0,1.0,11.0,0.75,0.0,0.0,0.0,4.0,0.0,0.0,0.0,1.0,0.5,1.0,2.0,1.0,0.0,0.0,0.0,4.0,0.0,0.0,1.0,0.0,0.0,2.0,1.0,0.5
"fitzpatrick, sex, ageGroup",4.0,f,40-44,7,0.5,0.12,0.71,0.1,5.0,2.0,2.0,19.0,0.667,1.0,0.0,0.0,5.0,1.0,0.5,0.0,2.0,0.5,2.0,3.0,1.0,0.0,0.0,0.0,7.0,0.0,0.0,1.0,0.0,0.0,5.0,1.0,0.5
"fitzpatrick, sex, ageGroup",4.0,f,45-49,1,0.25,0.0,1.0,0.0,1.0,0.0,0.0,3.0,1.0,0.0,0.0,0.0,1.0,0.0,0.0,0.0,0.0,0.0,1.0,0.0,0.0,0.0,0.0,0.0,1.0,0.0,0.0,0.0,0.0,0.0,0.0,1.0,1.0
"fitzpatrick, sex, ageGroup",4.0,f,50-54,4,0.19,0.06,0.75,0.08,3.0,1.0,1.0,11.0,0.75,0.0,0.0,0.0,4.0,0.0,0.0,1.0,0.0,0.0,0.0,3.0,0.75,0.0,0.0,0.0,4.0,0.0,0.0,0.0,1.0,0.25,3.0,0.0,0.0
"fitzpatrick, sex, ageGroup",4.0,f,55-59,1,0.0,0.25,0.0,0.33,0.0,1.0,1.0,2.0,0.0,0.0,0.0,0.0,1.0,0.0,0.0,0.0,1.0,1.0,0.0,0.0,0.0,0.0,0.0,0.0,1.0,0.0,0.0,1.0,0.0,0.0,0.0,0.0,0.0
"fitzpatrick, sex, ageGroup",4.0,f,60-64,4,0.38,0.12,0.75,0.08,3.0,1.0,1.0,11.0,0.75,0.0,0.0,0.0,4.0,0.0,0.0,1.0,0.0,0.0,2.0,1.0,0.5,0.0,0.0,0.0,4.0,0.0,0.0,0.0,1.0,0.5,1.0,2.0,1.0
"fitzpatrick, sex, ageGroup",4.0,f,65-69,1,0.0,0.25,0.0,0.33,0.0,1.0,1.0,2.0,0.0,1.0,0.0,0.0,0.0,0.0,0.0,0.0,1.0,1.0,0.0,0.0,0.0,0.0,0.0,0.0,1.0,0.0,0.0,0.0,0.0,0.0,1.0,0.0,0.0
"fitzpatrick, sex, ageGroup",4.0,m,00-04,23,0.84,0.06,0.83,0.06,19.0,4.0,4.0,65.0,0.839,1.0,1.0,0.06,15.0,6.0,0.86,0.0,1.0,0.05,18.0,4.0,1.0,1.0,1.0,0.06,16.0,5.0,0.83,2.0,1.0,0.06,16.0,4.0,0.67
"fitzpatrick, sex, ageGroup",4.0,m,05-09,37,0.86,0.06,0.81,0.06,30.0,7.0,7.0,104.0,0.854,2.0,3.0,0.1,28.0,4.0,0.67,0.0,1.0,0.03,30.0,6.0,1.0,0.0,2.0,0.06,30.0,5.0,1.0,5.0,1.0,0.06,16.0,15.0,0.75
"fitzpatrick, sex, ageGroup",4.0,m,10-14,8,0.37,0.08,0.75,0.08,6.0,2.0,2.0,22.0,0.733,0.0,1.0,0.12,7.0,0.0,0.0,1.0,1.0,0.2,4.0,2.0,0.67,0.0,0.0,0.0,8.0,0.0,0.0,1.0,0.0,0.0,3.0,4.0,0.8
"fitzpatrick, sex, ageGroup",4.0,m,15-19,3,0.25,0.08,0.67,0.11,2.0,1.0,1.0,8.0,0.5,0.0,1.0,0.33,2.0,0.0,0.0,0.0,0.0,0.0,1.0,2.0,1.0,0.0,0.0,0.0,3.0,0.0,0.0,1.0,0.0,0.0,2.0,0.0,0.0
"fitzpatrick, sex, ageGroup",4.0,m,20-24,11,0.31,0.2,0.45,0.18,5.0,6.0,6.0,27.0,0.417,3.0,0.0,0.0,8.0,0.0,0.0,2.0,2.0,0.29,5.0,2.0,0.5,0.0,1.0,0.09,10.0,0.0,0.0,1.0,3.0,0.43,4.0,3.0,0.75
"fitzpatrick, sex, ageGroup",4.0,m,25-29,7,0.46,0.04,0.86,0.05,6.0,1.0,1.0,20.0,0.917,0.0,0.0,0.0,7.0,0.0,0.0,0.0,1.0,0.17,5.0,1.0,1.0,0.0,0.0,0.0,7.0,0.0,0.0,1.0,0.0,0.0,1.0,5.0,0.83
"fitzpatrick, sex, ageGroup",4.0,m,30-34,6,0.44,0.09,0.67,0.11,4.0,2.0,2.0,16.0,0.583,0.0,1.0,0.17,5.0,0.0,0.0,0.0,1.0,0.2,4.0,1.0,1.0,1.0,0.0,0.0,5.0,0.0,0.0,1.0,0.0,0.0,2.0,3.0,0.75
"fitzpatrick, sex, ageGroup",4.0,m,35-39,6,0.38,0.12,0.83,0.06,5.0,1.0,1.0,17.0,0.75,0.0,0.0,0.0,6.0,0.0,0.0,0.0,1.0,0.5,1.0,4.0,1.0,0.0,0.0,0.0,6.0,0.0,0.0,1.0,0.0,0.0,4.0,1.0,0.5
"fitzpatrick, sex, ageGroup",4.0,m,40-44,3,0.25,0.0,1.0,0.0,3.0,0.0,0.0,9.0,1.0,0.0,0.0,0.0,3.0,0.0,0.0,0.0,0.0,0.0,0.0,3.0,1.0,0.0,0.0,0.0,3.0,0.0,0.0,0.0,0.0,0.0,3.0,0.0,0.0
"fitzpatrick, sex, ageGroup",4.0,m,45-49,3,0.25,0.25,0.67,0.11,2.0,1.0,1.0,8.0,0.5,0.0,1.0,1.0,0.0,2.0,1.0,1.0,0.0,0.0,2.0,0.0,0.0,0.0,0.0,0.0,3.0,0.0,0.0,0.0,0.0,0.0,3.0,0.0,0.0
"fitzpatrick, sex, ageGroup",4.0,m,50-54,3,0.5,0.0,1.0,0.0,3.0,0.0,0.0,9.0,1.0,0.0,0.0,0.0,3.0,0.0,0.0,0.0,0.0,0.0,2.0,1.0,1.0,0.0,0.0,0.0,3.0,0.0,0.0,0.0,0.0,0.0,1.0,2.0,1.0
"fitzpatrick, sex, ageGroup",4.0,m,75-79,1,0.25,0.0,1.0,0.0,1.0,0.0,0.0,3.0,1.0,0.0,0.0,0.0,1.0,0.0,0.0,0.0,0.0,0.0,1.0,0.0,0.0,0.0,0.0,0.0,1.0,0.0,0.0,0.0,0.0,0.0,0.0,1.0,1.0
"fitzpatrick, sex, ageGroup",5.0,f,00-04,34,0.68,0.08,0.76,0.08,26.0,8.0,8.0,94.0,0.683,3.0,1.0,0.04,24.0,6.0,0.67,1.0,2.0,0.08,24.0,7.0,0.88,2.0,3.0,0.15,17.0,12.0,0.86,2.0,2.0,0.06,29.0,1.0,0.33
"fitzpatrick, sex, ageGroup",5.0,f,05-09,30,0.68,0.06,0.8,0.07,24.0,6.0,6.0,84.0,0.677,4.0,2.0,0.08,24.0,0.0,0.0,1.0,2.0,0.08,22.0,5.0,0.83,0.0,0.0,0.0,18.0,12.0,1.0,1.0,2.0,0.09,20.0,7.0,0.88
"fitzpatrick, sex, ageGroup",5.0,f,10-14,4,0.25,0.06,0.75,0.08,3.0,1.0,1.0,11.0,0.5,1.0,0.0,0.0,3.0,0.0,0.0,0.0,0.0,0.0,4.0,0.0,0.0,0.0,1.0,0.25,3.0,0.0,0.0,0.0,0.0,0.0,1.0,3.0,1.0
"fitzpatrick, sex, ageGroup",5.0,f,15-19,3,0.25,0.0,1.0,0.0,3.0,0.0,0.0,9.0,1.0,0.0,0.0,0.0,0.0,3.0,1.0,0.0,0.0,0.0,3.0,0.0,0.0,0.0,0.0,0.0,3.0,0.0,0.0,0.0,0.0,0.0,3.0,0.0,0.0
"fitzpatrick, sex, ageGroup",5.0,f,20-24,5,0.38,0.15,0.6,0.13,3.0,2.0,2.0,13.0,0.5,1.0,1.0,0.25,3.0,0.0,0.0,1.0,0.0,0.0,3.0,1.0,0.5,0.0,0.0,0.0,5.0,0.0,0.0,0.0,1.0,0.33,2.0,2.0,1.0
"fitzpatrick, sex, ageGroup",5.0,f,25-29,9,0.33,0.2,0.44,0.19,4.0,5.0,5.0,22.0,0.444,2.0,2.0,0.33,4.0,1.0,0.33,2.0,1.0,0.2,4.0,2.0,0.5,0.0,1.0,0.11,8.0,0.0,0.0,1.0,1.0,0.14,6.0,1.0,0.5
"fitzpatrick, sex, ageGroup",5.0,f,30-34,4,0.25,0.06,0.75,0.08,3.0,1.0,1.0,11.0,0.5,1.0,0.0,0.0,3.0,0.0,0.0,0.0,1.0,0.25,3.0,0.0,0.0,0.0,0.0,0.0,4.0,0.0,0.0,0.0,0.0,0.0,1.0,3.0,1.0
"fitzpatrick, sex, ageGroup",5.0,f,35-39,2,0.12,0.12,0.5,0.17,1.0,1.0,1.0,5.0,0.5,0.0,0.0,0.0,2.0,0.0,0.0,0.0,1.0,0.5,1.0,0.0,0.0,0.0,0.0,0.0,2.0,0.0,0.0,1.0,0.0,0.0,0.0,1.0,0.5
"fitzpatrick, sex, ageGroup",5.0,f,45-49,2,0.25,0.25,0.5,0.17,1.0,1.0,1.0,5.0,0.5,1.0,0.0,0.0,1.0,0.0,0.0,0.0,0.0,0.0,2.0,0.0,0.0,0.0,0.0,0.0,2.0,0.0,0.0,0.0,1.0,1.0,0.0,1.0,1.0
"fitzpatrick, sex, ageGroup",5.0,f,50-54,4,0.75,0.0,1.0,0.0,4.0,0.0,0.0,12.0,1.0,0.0,0.0,0.0,3.0,1.0,1.0,0.0,0.0,0.0,2.0,2.0,1.0,0.0,0.0,0.0,4.0,0.0,0.0,0.0,0.0,0.0,3.0,1.0,1.0
"fitzpatrick, sex, ageGroup",5.0,m,00-04,44,0.85,0.06,0.82,0.06,36.0,8.0,8.0,124.0,0.851,6.0,1.0,0.03,31.0,6.0,0.5,0.0,2.0,0.05,38.0,4.0,1.0,2.0,1.0,0.04,22.0,19.0,0.9,0.0,4.0,0.11,33.0,7.0,1.0
"fitzpatrick, sex, ageGroup",5.0,m,05-09,48,0.74,0.06,0.81,0.06,39.0,9.0,9.0,135.0,0.736,2.0,3.0,0.07,41.0,2.0,0.5,4.0,1.0,0.03,34.0,9.0,0.69,0.0,3.0,0.1,26.0,19.0,1.0,3.0,2.0,0.06,34.0,9.0,0.75
"fitzpatrick, sex, ageGroup",5.0,m,10-14,22,0.86,0.06,0.77,0.08,17.0,5.0,5.0,61.0,0.858,0.0,4.0,0.19,17.0,1.0,1.0,4.0,0.0,0.0,12.0,6.0,0.6,0.0,0.0,0.0,17.0,5.0,1.0,1.0,1.0,0.06,15.0,5.0,0.83
"fitzpatrick, sex, ageGroup",5.0,m,15-19,9,0.25,0.16,0.44,0.19,4.0,5.0,5.0,22.0,0.333,1.0,1.0,0.14,6.0,1.0,0.5,1.0,3.0,0.38,5.0,0.0,0.0,0.0,1.0,0.11,8.0,0.0,0.0,3.0,0.0,0.0,3.0,3.0,0.5
"fitzpatrick, sex, ageGroup",5.0,m,20-24,8,0.56,0.08,0.75,0.08,6.0,2.0,2.0,22.0,0.75,1.0,0.0,0.0,6.0,1.0,0.5,0.0,2.0,0.33,4.0,2.0,1.0,0.0,0.0,0.0,8.0,0.0,0.0,1.0,0.0,0.0,4.0,3.0,0.75
"fitzpatrick, sex, ageGroup",5.0,m,25-29,13,0.29,0.1,0.62,0.13,8.0,5.0,5.0,34.0,0.583,0.0,5.0,0.38,8.0,0.0,0.0,2.0,0.0,0.0,9.0,2.0,0.5,0.0,0.0,0.0,13.0,0.0,0.0,3.0,0.0,0.0,4.0,6.0,0.67
"fitzpatrick, sex, ageGroup",5.0,m,30-34,6,0.75,0.0,1.0,0.0,6.0,0.0,0.0,18.0,1.0,0.0,0.0,0.0,4.0,2.0,1.0,0.0,0.0,0.0,4.0,2.0,1.0,0.0,0.0,0.0,6.0,0.0,0.0,0.0,0.0,0.0,4.0,2.0,1.0
"fitzpatrick, sex, ageGroup",5.0,m,35-39,3,0.75,0.0,1.0,0.0,3.0,0.0,0.0,9.0,1.0,0.0,0.0,0.0,2.0,1.0,1.0,0.0,0.0,0.0,2.0,1.0,1.0,0.0,0.0,0.0,3.0,0.0,0.0,0.0,0.0,0.0,2.0,1.0,1.0
"fitzpatrick, sex, ageGroup",5.0,m,40-44,2,0.0,0.25,0.0,0.33,0.0,2.0,2.0,4.0,0.0,1.0,0.0,0.0,1.0,0.0,0.0,0.0,2.0,1.0,0.0,0.0,0.0,0.0,0.0,0.0,2.0,0.0,0.0,1.0,0.0,0.0,1.0,0.0,0.0
"fitzpatrick, sex, ageGroup",5.0,m,45-49,2,0.12,0.12,0.5,0.17,1.0,1.0,1.0,5.0,0.5,0.0,0.0,0.0,2.0,0.0,0.0,0.0,1.0,0.5,1.0,0.0,0.0,0.0,0.0,0.0,2.0,0.0,0.0,1.0,0.0,0.0,0.0,1.0,0.5
"fitzpatrick, sex, ageGroup",5.0,m,50-54,2,0.25,0.0,1.0,0.0,2.0,0.0,0.0,6.0,1.0,0.0,0.0,0.0,2.0,0.0,0.0,0.0,0.0,0.0,0.0,2.0,1.0,0.0,0.0,0.0,2.0,0.0,0.0,0.0,0.0,0.0,2.0,0.0,0.0
"fitzpatrick, sex, ageGroup",5.0,m,55-59,11,0.62,0.06,0.82,0.06,9.0,2.0,2.0,31.0,0.833,1.0,0.0,0.0,7.0,3.0,0.75,1.0,1.0,0.14,6.0,3.0,0.75,0.0,0.0,0.0,8.0,3.0,1.0,0.0,1.0,0.09,10.0,0.0,0.0
"fitzpatrick, sex, ageGroup",5.0,m,60-64,1,0.0,0.25,0.0,0.33,0.0,1.0,1.0,2.0,0.0,1.0,0.0,0.0,0.0,0.0,0.0,0.0,1.0,1.0,0.0,0.0,0.0,0.0,0.0,0.0,1.0,0.0,0.0,0.0,0.0,0.0,1.0,0.0,0.0
"fitzpatrick, sex, ageGroup",6.0,f,00-04,6,0.29,0.22,0.5,0.17,3.0,3.0,3.0,15.0,0.389,1.0,0.0,0.0,4.0,1.0,0.5,1.0,2.0,0.67,1.0,2.0,0.67,0.0,0.0,0.0,6.0,0.0,0.0,1.0,1.0,0.2,4.0,0.0,0.0
"fitzpatrick, sex, ageGroup",6.0,f,05-09,6,0.5,0.0,1.0,0.0,6.0,0.0,0.0,18.0,1.0,0.0,0.0,0.0,6.0,0.0,0.0,0.0,0.0,0.0,2.0,4.0,1.0,0.0,0.0,0.0,6.0,0.0,0.0,0.0,0.0,0.0,4.0,2.0,1.0
"fitzpatrick, sex, ageGroup",6.0,f,15-19,6,0.25,0.21,0.5,0.17,3.0,3.0,3.0,15.0,0.5,2.0,0.0,0.0,3.0,1.0,0.33,1.0,2.0,0.67,1.0,2.0,0.67,0.0,0.0,0.0,6.0,0.0,0.0,0.0,1.0,0.17,5.0,0.0,0.0
"fitzpatrick, sex, ageGroup",6.0,f,20-24,2,0.5,0.0,1.0,0.0,2.0,0.0,0.0,6.0,1.0,0.0,0.0,0.0,2.0,0.0,0.0,0.0,0.0,0.0,1.0,1.0,1.0,0.0,0.0,0.0,2.0,0.0,0.0,0.0,0.0,0.0,1.0,1.0,1.0
"fitzpatrick, sex, ageGroup",6.0,f,25-29,2,0.25,0.12,0.5,0.17,1.0,1.0,1.0,5.0,0.5,0.0,0.0,0.0,1.0,1.0,1.0,0.0,0.0,0.0,2.0,0.0,0.0,1.0,0.0,0.0,1.0,0.0,0.0,0.0,1.0,0.5,1.0,0.0,0.0
"fitzpatrick, sex, ageGroup",6.0,f,30-34,2,0.12,0.12,0.5,0.17,1.0,1.0,1.0,5.0,0.5,0.0,1.0,0.5,1.0,0.0,0.0,1.0,0.0,0.0,0.0,1.0,0.5,0.0,0.0,0.0,2.0,0.0,0.0,0.0,0.0,0.0,2.0,0.0,0.0
"fitzpatrick, sex, ageGroup",6.0,f,35-39,1,0.0,0.25,0.0,0.33,0.0,1.0,1.0,2.0,0.0,0.0,0.0,0.0,1.0,0.0,0.0,1.0,0.0,0.0,0.0,0.0,0.0,0.0,0.0,0.0,1.0,0.0,0.0,0.0,1.0,1.0,0.0,0.0,0.0
"fitzpatrick, sex, ageGroup",6.0,f,40-44,1,0.25,0.0,1.0,0.0,1.0,0.0,0.0,3.0,1.0,0.0,0.0,0.0,1.0,0.0,0.0,0.0,0.0,0.0,0.0,1.0,1.0,0.0,0.0,0.0,1.0,0.0,0.0,0.0,0.0,0.0,1.0,0.0,0.0
"fitzpatrick, sex, ageGroup",6.0,m,00-04,14,0.3,0.12,0.57,0.14,8.0,6.0,6.0,36.0,0.408,1.0,2.0,0.15,11.0,0.0,0.0,3.0,0.0,0.0,6.0,5.0,0.62,0.0,3.0,0.21,11.0,0.0,0.0,2.0,1.0,0.11,8.0,3.0,0.6
"fitzpatrick, sex, ageGroup",6.0,m,05-09,22,0.42,0.08,0.91,0.03,20.0,2.0,2.0,64.0,0.556,1.0,1.0,0.05,20.0,0.0,0.0,0.0,1.0,0.25,3.0,18.0,1.0,0.0,0.0,0.0,22.0,0.0,0.0,1.0,0.0,0.0,19.0,2.0,0.67
"fitzpatrick, sex, ageGroup",6.0,m,10-14,1,0.0,0.25,0.0,0.33,0.0,1.0,1.0,2.0,0.0,0.0,1.0,1.0,0.0,0.0,0.0,0.0,0.0,0.0,1.0,0.0,0.0,1.0,0.0,0.0,0.0,0.0,0.0,0.0,0.0,0.0,1.0,0.0,0.0
"fitzpatrick, sex, ageGroup",6.0,m,20-24,1,0.25,0.0,1.0,0.0,1.0,0.0,0.0,3.0,1.0,0.0,0.0,0.0,1.0,0.0,0.0,0.0,0.0,0.0,0.0,1.0,1.0,0.0,0.0,0.0,1.0,0.0,0.0,0.0,0.0,0.0,1.0,0.0,0.0
"fitzpatrick, sex, ageGroup",6.0,m,30-34,4,0.38,0.06,0.75,0.08,3.0,1.0,1.0,11.0,0.75,0.0,1.0,0.25,3.0,0.0,0.0,1.0,0.0,0.0,2.0,1.0,0.5,0.0,0.0,0.0,2.0,2.0,1.0,0.0,0.0,0.0,4.0,0.0,0.0
"fitzpatrick, sex, ageGroup",6.0,m,35-39,5,0.31,0.18,0.4,0.2,2.0,3.0,3.0,12.0,0.625,3.0,0.0,0.0,1.0,1.0,0.25,0.0,2.0,0.5,2.0,1.0,1.0,0.0,0.0,0.0,5.0,0.0,0.0,0.0,1.0,0.2,4.0,0.0,0.0
"fitzpatrick, sex, ageGroup",6.0,m,50-54,1,0.0,0.25,0.0,0.33,0.0,1.0,1.0,2.0,0.0,0.0,0.0,0.0,1.0,0.0,0.0,1.0,0.0,0.0,0.0,0.0,0.0,0.0,1.0,1.0,0.0,0.0,0.0,0.0,0.0,0.0,1.0,0.0,0.0
